CarAge,Mileage,EngineSize,HorsePower,FuelEfficiency,BrandValue,OwnerCount,Price
6,72055,2.9,102,11.2,2,1,3141874.09
3,92697,2.3,92,27.8,7,2,3869810.73
12,111239,4.8,402,11.8,4,5,4037147.84
14,240469,4.3,123,15.8,1,3,2091167.77
10,128106,3.8,378,16.3,6,2,4382423.02
7,10355,3.4,118,17.8,5,3,3749004.1
12,59120,4.3,147,25.4,2,5,3156907.75
4,210691,2.6,405,25.6,6,4,4110890.22
6,43342,2.8,427,23.8,1,4,4151630.52
9,222064,3.9,191,8.5,3,5,2882402.25
2,214932,2.4,428,20.4,4,3,4290343.43
6,7257,1.3,159,24.4,3,2,3497642.99
10,32364,1.3,415,17.8,6,5,4176311.68
10,161044,1.5,262,28.8,4,5,3109705.46
7,116715,4.5,485,26.1,1,4,4612942.36
4,31654,2.9,446,22.0,5,2,5071497.96
3,216841,3.9,313,9.4,5,4,4033200.54
7,86423,2.6,218,22.4,9,3,4128730.69
7,34320,2.0,215,28.1,8,3,3968693.81
2,25808,2.4,385,16.3,8,1,5156850.6
5,57389,4.2,447,26.4,5,5,4908726.97
4,231762,3.5,210,14.9,8,2,3895367.36
1,123581,4.8,477,20.5,7,2,5578925.67
7,132927,3.7,355,22.3,1,4,3989684.82
11,39773,3.3,455,22.9,7,4,4722116.62
13,187240,3.4,408,27.4,8,2,4454880.9
5,163819,4.8,180,13.2,3,4,3670501.97
1,81396,4.2,177,13.8,9,1,4673442.2
11,244446,1.1,436,23.5,8,5,3656075.51
4,112692,3.1,350,11.9,2,1,3997829.42
0,219764,3.8,119,18.2,6,3,3777952.81
11,62505,4.0,83,8.4,4,2,2950555.99
9,90896,1.9,203,11.1,3,1,3135034.5
5,23135,4.5,145,22.9,6,1,4235834.51
12,95887,4.8,153,24.4,9,4,3576919.97
11,127118,1.9,412,10.5,2,4,3597318.45
8,232107,4.5,227,13.0,5,4,3353971.83
0,52377,1.4,355,10.2,6,3,4248531.55
10,159626,1.2,491,17.5,4,1,4042917.71
10,67491,1.5,383,10.8,7,5,3688322.92
14,191693,1.2,163,17.6,2,4,2105477.79
9,63283,4.4,366,24.1,7,3,4815601.49
11,221212,1.2,163,23.0,2,3,2505602.2
11,21923,2.1,126,14.2,1,4,2387743.35
14,52591,1.4,233,22.8,5,2,3433808.22
13,67261,2.2,389,28.4,2,1,3964117.21
13,59336,1.4,167,15.6,8,4,2840955.02
14,79083,3.7,85,15.2,8,5,3210803.63
13,65948,1.5,413,20.6,1,1,3634487.12
2,245891,4.4,147,13.4,4,3,3204641.79
11,169074,4.3,415,22.3,9,5,4657215.46
6,216170,1.1,141,26.3,5,1,2814654.03
3,209088,4.6,339,18.1,6,5,4531669.16
8,31672,1.1,356,22.9,3,3,3871690.53
2,9213,2.0,135,22.3,5,4,3724477.54
4,146365,1.1,437,8.9,1,5,3455158.83
2,236049,2.3,137,12.0,8,4,3117314.4
6,191932,3.1,262,27.7,6,3,3909773.79
4,67507,4.2,124,28.7,2,3,3454098.9
8,62134,2.4,448,25.2,4,5,4518981.8
6,138172,3.8,237,28.3,4,5,3703261.92
1,246225,1.8,478,14.7,9,3,4718366.65
3,198069,4.0,94,13.4,9,5,3590267.73
8,33172,1.9,200,16.5,5,5,3349373.1
11,25132,1.6,394,9.2,3,5,3811190.44
13,23199,1.7,171,25.8,1,5,2379849.71
1,41609,1.7,443,29.7,6,1,5428740.84
9,179037,3.1,351,26.1,8,3,4230002.34
8,144088,4.4,365,20.2,1,3,3874053.78
9,175851,1.3,363,14.5,1,2,3358295.67
4,238869,3.8,491,12.3,7,4,4813916.57
1,36881,3.6,332,16.0,7,2,5079607.89
3,218666,4.5,483,22.7,2,5,4558540.04
11,29472,2.0,189,17.8,3,5,2888764.1
14,242954,2.8,472,28.5,2,1,3568796.69
11,236534,4.7,300,26.8,6,1,4153288.28
6,187885,3.6,360,10.3,8,1,4542855.38
11,236440,2.6,230,10.9,8,1,3317478.05
12,172093,1.5,230,22.9,1,1,2643171.4
7,59131,2.0,147,13.1,9,1,4032190.94
14,160159,3.3,107,25.4,8,1,2998355.8
2,17828,3.9,463,21.0,9,1,5868805.23
13,197682,1.5,97,13.1,9,1,2873397.14
0,101664,3.4,169,18.5,6,3,4112646.66
3,137473,3.2,363,16.9,3,1,4629797.46
1,221251,3.1,469,27.2,1,4,4515036.28
7,20193,3.8,193,8.7,8,1,4118704.3
3,228461,4.3,474,27.7,3,5,4630745.63
1,180936,2.3,161,22.3,7,5,3502171.17
13,156379,4.6,324,24.2,6,1,4191862.93
5,107518,1.6,166,8.1,3,1,3294379.36
5,24611,1.7,75,21.8,6,5,3319265.81
9,179863,2.1,238,20.9,3,4,3046455.45
3,148022,1.5,452,19.8,9,2,4755048.81
5,81240,1.9,340,25.3,1,3,4061788.88
12,244719,1.4,177,20.2,8,5,2734827.53
14,213475,4.3,456,26.9,5,1,4312788.82
1,7745,1.6,368,13.1,4,3,4498059.09
9,60243,4.0,116,25.7,1,1,3295356.73
11,8866,1.2,168,11.9,9,2,3323418.09
1,168317,4.8,83,25.9,9,2,3978401.32
9,180796,3.8,263,28.7,5,5,3599134.91
13,133681,1.0,226,15.4,9,3,3004953.34
3,76354,4.1,457,19.7,9,3,5476292.64
13,56374,3.1,223,22.5,7,2,3645185.32
14,119397,4.1,184,9.7,8,1,3429605.18
14,129577,3.1,465,18.9,1,5,3601214.73
7,166188,3.6,327,15.9,4,4,3367963.0
13,86029,4.1,214,27.2,4,2,3626097.63
6,98574,2.6,360,27.3,9,2,4811502.48
11,156519,1.0,79,23.4,3,5,2221615.15
8,35431,4.4,437,22.4,1,1,4707635.48
13,153980,2.5,283,24.1,5,3,3504225.04
7,34336,3.0,302,16.1,7,2,4383537.39
4,45992,1.0,240,16.9,4,5,3586535.79
12,60350,3.0,90,20.2,9,5,3054379.76
1,74561,4.9,84,28.6,6,5,4263729.04
14,56955,2.1,488,23.9,6,3,4592634.64
4,66240,2.6,437,20.1,3,2,4971277.35
7,156165,3.7,195,24.9,5,5,3429638.79
9,142227,4.3,410,16.2,6,3,4539771.85
8,51607,2.7,410,24.1,4,1,4356709.24
11,169559,2.2,282,17.0,3,4,2747237.93
11,249266,4.8,257,14.2,5,2,3501717.34
11,191740,3.7,241,21.4,7,3,3538853.98
12,157035,1.5,316,23.1,6,4,3176631.49
8,186196,1.3,74,18.1,2,4,2149781.59
12,57870,2.9,300,20.4,1,3,3564436.13
14,192619,1.9,270,23.3,5,3,2993107.82
12,69110,2.0,442,24.9,5,3,4408441.61
0,189626,4.5,471,27.7,6,5,5181508.59
8,157008,1.4,218,15.8,3,1,3202387.55
6,121895,3.9,141,28.9,1,5,3146249.38
8,9426,2.1,295,22.0,4,4,4104246.84
7,224911,4.0,143,25.3,4,4,2936088.37
0,246888,3.9,376,23.4,2,4,4290946.32
11,32606,1.0,238,12.5,8,3,3525974.98
7,183904,3.0,318,9.6,6,2,3905855.39
7,33151,1.6,349,24.0,3,5,3871834.01
14,215375,4.5,221,19.2,1,2,2890626.48
10,16308,4.5,293,23.4,3,1,4264332.88
2,245853,2.7,294,18.5,8,1,4142953.59
0,198594,2.8,107,14.9,4,5,3331831.91
7,181743,2.2,113,14.3,3,4,2568975.88
2,95306,3.9,254,24.1,4,1,4226507.3
2,230180,2.4,310,14.1,4,2,3692005.49
0,111984,2.1,487,23.7,2,2,5123271.09
10,7204,2.7,400,16.4,4,3,4154096.93
4,97769,1.4,420,25.0,9,4,4884819.73
9,92265,4.0,279,11.1,4,3,3671523.7
6,36131,1.1,92,12.5,1,5,2299376.3
9,57428,3.6,193,23.1,1,1,3566284.23
8,38870,1.7,155,20.3,1,3,2914602.11
11,108547,1.9,112,12.5,5,3,2890138.27
6,240990,3.5,109,27.9,6,5,3250361.58
8,54067,5.0,372,14.1,6,2,4987087.69
7,194657,4.1,238,17.3,6,2,3955442.01
11,243083,1.9,244,12.5,9,5,3119677.84
1,117217,1.7,89,16.5,1,2,2752978.36
0,157679,4.5,178,18.8,6,5,4035869.84
6,161040,2.8,262,14.5,8,2,4067011.12
6,103934,1.5,313,24.9,8,5,4040137.18
13,147980,4.4,393,16.7,3,2,3906060.25
7,162495,4.3,349,24.0,5,3,4431206.76
4,245223,4.9,297,12.6,4,3,4081739.55
2,79707,4.6,105,16.3,1,2,3444990.11
11,214329,4.4,114,8.2,9,5,3068519.15
7,66215,1.2,455,24.7,5,3,4572599.18
5,191907,1.4,97,21.8,2,1,2512948.71
10,54429,3.3,223,26.0,2,2,3511740.51
2,87152,3.1,92,18.0,7,1,3886996.77
0,113048,2.8,276,25.6,4,1,4661348.24
2,174530,2.6,489,22.2,1,4,4381197.17
4,182241,2.7,160,8.1,5,1,3373425.24
14,143731,3.3,459,13.6,2,1,4018121.97
13,196686,1.0,488,18.9,7,4,4083644.12
2,244977,2.0,428,21.6,9,4,4625093.18
0,82240,3.1,107,9.4,1,4,2912330.16
4,168865,3.9,488,23.5,2,5,4738417.29
9,118688,1.7,297,20.0,6,4,3639596.58
6,51473,3.2,271,19.6,8,5,4172843.64
14,101762,3.9,419,14.4,7,2,4425373.54
13,225460,2.8,378,21.1,9,5,4035919.71
6,233690,1.1,323,8.6,2,2,3089278.39
10,224402,2.8,107,9.4,9,4,2526522.23
8,111956,2.2,290,24.1,4,4,3858245.81
14,123452,4.7,256,15.1,3,2,3399540.67
14,191823,1.5,112,15.6,7,3,2453413.29
9,131311,3.6,428,12.6,5,5,4184368.84
9,214987,1.2,183,17.8,5,1,2898464.29
11,190326,2.8,329,9.1,2,4,3155374.46
12,12006,3.2,74,14.6,6,5,3076024.4
2,79218,2.2,137,19.6,6,5,3622345.28
14,201416,2.8,297,18.2,4,4,2886665.51
6,169912,1.7,192,30.0,5,2,3453316.05
0,37430,2.2,242,16.6,7,4,4508990.59
3,28091,3.5,405,16.5,8,5,5010186.08
12,169055,2.2,222,19.1,6,3,2917337.72
3,28989,4.6,336,12.2,5,2,5087987.17
13,80451,3.5,226,27.3,3,4,3575884.22
4,244160,2.8,231,20.6,7,1,3800275.8
6,23990,1.2,283,12.2,8,4,4109212.98
6,95270,3.0,467,25.5,3,5,4611057.17
12,85360,4.1,445,8.8,5,5,3876929.23
14,41081,2.1,477,29.6,2,1,4277766.03
10,147105,4.2,492,27.0,4,2,4947580.95
12,113272,2.0,95,20.8,4,5,2256027.75
3,21241,4.3,496,10.4,8,2,5550401.36
12,129932,1.3,361,12.7,3,2,3179151.68
6,10939,4.5,492,14.1,5,4,5175562.67
10,118000,3.0,258,13.3,5,2,3647571.39
2,183634,2.2,469,18.9,2,5,4442694.06
5,40063,2.1,191,28.8,9,5,4308388.11
11,236072,2.7,299,17.8,4,3,3248876.09
1,212793,5.0,128,22.6,9,2,3993958.03
9,163117,1.9,165,23.1,9,3,3119871.93
12,180841,1.4,331,27.2,2,4,3151604.03
13,52118,3.3,423,8.7,9,3,4242097.95
8,89703,3.0,381,16.9,9,2,4761694.24
4,238020,3.1,205,25.3,2,5,3185064.5
5,157697,3.7,419,25.9,6,4,4637889.87
11,240796,2.1,352,28.4,9,2,3527654.67
11,133557,4.6,480,23.5,4,4,4580096.27
11,32076,2.7,189,13.4,2,1,3273550.52
11,200877,1.5,499,19.1,7,2,4106452.99
3,49605,4.0,494,8.7,9,1,5553894.68
13,89565,3.6,94,22.2,6,3,3082305.29
13,224581,2.3,411,20.2,4,2,3299417.05
10,44121,3.5,215,22.7,1,1,3620666.07
9,201173,1.9,81,28.5,4,5,2578357.44
6,36433,2.8,156,23.1,3,3,3241180.16
11,48309,4.6,178,15.0,7,2,3780852.48
8,72468,1.5,492,12.4,5,2,4469280.71
6,180326,2.5,414,26.8,3,5,4014112.01
13,72293,4.3,335,12.3,2,5,3419772.05
0,101258,4.9,291,11.6,2,1,4335786.69
0,173925,2.8,143,12.5,5,1,3562704.02
8,43405,3.0,402,19.2,8,1,5002402.72
10,202724,3.3,379,10.7,8,4,4027899.71
13,48527,4.7,482,28.6,5,3,5004824.28
8,82227,4.4,171,29.3,2,2,3856467.47
3,136564,1.7,494,29.4,4,3,4626206.91
12,229490,2.7,206,8.9,7,5,2688333.53
8,144883,2.9,260,28.8,6,3,3831625.47
2,98344,4.2,490,29.9,7,3,5247095.81
6,160344,3.4,211,28.7,5,1,3909104.3
5,230007,3.6,426,22.8,2,5,4029529.01
7,208082,5.0,142,23.4,8,3,3574300.74
10,228564,1.3,397,10.7,2,2,3287501.94
8,52153,1.9,236,27.2,8,1,4258756.55
13,113042,2.6,237,9.3,7,3,3316348.32
4,59110,2.4,123,15.0,3,5,2905345.59
0,150051,1.1,328,29.8,4,2,4100895.69
2,246131,1.4,180,17.3,7,5,3228712.32
9,244173,3.7,301,10.9,4,5,3150437.61
11,33328,4.5,230,29.3,9,5,4274891.86
7,117911,3.1,421,29.7,7,4,4568594.16
14,17867,3.2,396,12.1,1,2,3806685.01
10,64234,2.0,88,27.0,1,5,2740016.59
5,30851,4.1,359,16.6,4,4,4649007.8
7,36279,4.0,119,16.4,9,1,4238849.82
8,232135,3.4,244,13.8,4,4,3290236.95
3,78402,1.9,371,9.0,5,1,4352065.42
0,20449,1.4,253,13.9,1,4,3733318.8
13,81221,1.3,254,9.2,2,5,2834942.44
0,94080,3.4,408,28.3,4,4,5116140.86
9,10451,4.3,376,22.6,4,4,4719777.6
3,92178,4.4,379,27.5,6,5,4998956.5
11,177388,2.9,415,23.8,6,1,4158042.56
13,199136,4.1,150,10.9,8,5,2873554.66
6,68761,4.8,443,28.7,9,2,5836809.04
1,241562,2.1,225,27.8,1,4,3250192.47
2,43870,2.6,344,15.7,1,2,4465037.36
0,101566,4.7,352,10.5,6,5,5057572.34
4,128749,2.4,318,23.5,4,5,4088344.36
0,128765,4.7,216,24.0,4,3,4484252.0
7,129881,4.9,76,27.7,1,2,3446392.68
0,166945,3.6,226,9.2,9,3,4192323.13
10,133389,4.3,240,11.1,3,2,3388490.36
0,194699,4.0,138,21.2,5,3,3586999.22
1,202227,3.8,163,21.6,1,3,3168702.26
1,235258,2.2,438,8.7,8,2,4596078.69
11,30372,1.2,432,16.7,3,5,3843669.73
5,8642,2.4,445,20.9,1,1,4755378.03
6,164073,3.7,255,24.2,6,5,3772188.71
4,39064,1.4,461,15.0,1,1,4391850.27
0,230898,1.0,239,18.6,3,2,3499316.86
0,19122,1.6,273,25.9,5,4,4202057.94
2,160892,3.9,111,29.0,4,5,3520225.4
13,73431,4.9,82,13.1,7,3,3422098.21
1,60745,4.9,223,13.6,6,5,4425924.42
4,55081,3.0,343,28.7,3,2,4484082.76
11,206974,4.5,367,16.7,8,4,4304003.1
9,144783,3.9,120,23.8,8,4,3242590.95
5,221204,3.0,438,21.5,2,5,3860283.72
6,154865,3.3,281,14.3,7,5,3763064.14
3,144271,1.5,213,22.4,1,5,3209319.22
6,81253,4.8,426,22.4,2,2,4559632.5
10,41191,2.4,72,21.0,8,1,3556469.55
7,15211,2.8,323,10.2,1,1,3939375.29
10,116086,3.7,404,29.9,2,3,4339111.35
0,199141,2.3,325,16.8,1,2,4024700.76
14,224968,2.0,167,22.0,5,4,2295256.09
5,192818,3.5,242,27.5,7,3,4034796.65
7,157614,1.1,219,17.3,6,4,3136447.19
4,167384,3.9,348,25.0,6,4,4477031.21
3,181314,3.1,128,29.4,6,5,3411618.05
1,106971,3.4,182,15.9,8,4,4334711.85
5,98783,3.5,393,16.9,5,4,4491241.87
5,130681,3.1,312,27.9,7,2,4442337.44
10,92893,3.3,379,11.5,3,5,3942353.01
14,191460,3.7,126,8.6,9,5,2880045.86
0,242653,4.0,476,28.0,3,3,4949172.8
8,163763,3.9,436,26.1,6,5,4467352.86
11,82960,4.5,129,29.4,3,1,3677811.6
10,89388,1.8,398,9.3,1,2,3398808.61
5,27601,2.6,285,11.4,1,3,3917054.47
12,154092,4.8,302,10.3,3,1,3728191.96
2,144227,2.6,124,23.0,4,4,3166358.53
3,205191,1.5,442,21.3,2,1,4163012.78
11,217123,3.1,277,15.9,9,3,3415019.36
10,172849,1.4,132,9.3,8,5,2568767.78
3,24710,1.8,253,22.1,3,2,4075393.89
2,113714,5.0,380,20.5,7,3,5044212.47
9,160604,3.2,350,10.5,4,1,3469521.04
2,133727,2.1,95,28.0,5,1,3507655.95
14,154673,5.0,246,12.4,4,3,3338164.42
2,68227,4.9,132,24.4,9,3,4504772.68
3,141039,2.8,498,27.5,7,3,5223074.58
6,89289,2.0,142,20.7,4,5,3083690.79
3,156094,4.4,404,13.4,8,3,4818067.89
8,179535,3.9,236,14.8,2,4,3501462.7
0,210743,3.7,294,27.5,7,2,4679819.13
7,10722,4.6,134,14.6,1,2,3466959.53
6,163485,3.8,138,24.4,8,4,3547827.4
1,228844,2.1,78,29.8,6,1,3300833.33
7,86050,3.8,305,30.0,5,1,4441105.97
0,245504,2.2,267,19.7,9,1,4278710.94
10,238820,4.0,481,26.2,9,1,5042470.93
11,241994,3.5,242,29.8,3,5,2898332.52
8,221939,1.3,351,16.2,9,4,3751841.61
8,88596,3.1,97,13.6,9,2,3634157.65
1,71732,2.4,365,10.5,2,4,4103226.88
6,148369,2.3,468,11.1,5,2,4315453.63
14,73323,3.4,203,26.8,2,1,3019665.26
13,28816,2.3,96,21.0,1,5,2658733.64
9,45695,4.1,107,27.2,7,3,3833103.83
2,155774,1.3,265,25.4,4,3,3662120.9
6,161314,3.6,272,22.8,5,1,3972005.19
11,60841,4.2,154,21.4,4,1,3385769.68
9,133498,3.7,389,9.1,6,4,4151571.05
8,203784,3.0,99,27.2,2,5,2501325.41
3,221735,4.8,168,17.2,8,5,3701187.22
11,112096,2.2,456,20.3,4,4,3922451.31
0,97764,1.1,259,8.5,8,5,4097065.64
1,189646,2.7,81,28.6,3,5,3012846.8
0,90744,1.1,160,27.9,5,3,3570059.82
13,33482,4.8,99,20.0,3,5,3029255.9
11,14171,1.8,282,20.7,7,1,3917050.69
4,105755,4.2,107,23.5,3,3,3626145.87
4,235004,4.1,410,13.8,8,1,4986029.28
10,113125,1.9,129,12.9,9,1,2971507.8
6,135722,3.5,363,22.8,2,4,3930792.88
8,111082,1.2,429,10.3,3,5,3684031.47
8,8696,2.9,212,18.0,7,5,3872444.09
2,131310,1.1,471,18.8,5,5,4667847.67
2,156130,4.7,249,16.4,7,5,4306714.78
2,156385,4.9,354,12.1,2,3,4400997.41
3,24149,1.9,181,15.8,4,2,3825177.47
7,135064,1.8,299,15.4,1,1,3283681.51
5,58521,4.0,90,19.0,5,2,3746716.55
7,50740,2.0,214,22.8,8,2,4076616.29
0,111611,4.6,215,29.3,1,2,4278146.17
7,141028,3.3,444,11.2,7,3,4287251.46
3,211803,2.4,490,27.2,7,2,4850440.6
10,218684,4.3,385,14.3,7,3,4150306.66
0,71641,3.0,235,21.0,1,4,3915808.75
7,68811,4.6,209,20.0,3,4,3909914.56
3,188232,4.7,272,20.3,2,4,4017350.21
5,187385,1.7,313,23.9,5,3,3826033.65
7,68232,1.0,182,16.4,2,3,3072873.22
3,20417,4.9,270,15.0,5,1,4880763.11
13,160801,4.6,454,26.8,5,2,4404652.04
2,117492,1.2,383,12.8,4,5,4006650.08
13,35099,4.3,328,12.0,7,5,3915874.45
8,234206,2.8,324,8.3,6,2,3805891.11
2,166033,2.0,474,12.6,2,5,3998730.88
8,148674,4.5,92,19.4,4,5,2710361.17
12,123474,1.8,462,19.8,7,5,4406677.7
1,14256,4.8,315,13.6,9,3,5331303.86
13,222192,1.8,408,9.6,9,3,3787637.19
1,248588,3.5,380,24.4,3,3,4400176.89
1,39681,1.9,435,24.7,1,2,4890266.73
5,96328,3.2,441,30.0,9,4,5309686.0
2,223512,3.7,472,27.8,8,5,5170071.51
12,200861,1.8,387,28.4,7,1,3574416.04
8,48361,3.1,156,25.6,6,3,3576374.05
3,200575,2.9,288,21.5,7,1,3860597.95
0,39540,1.3,492,10.8,9,5,5132391.88
3,162608,4.3,425,21.7,6,4,4821718.66
0,89700,2.3,96,9.2,3,1,3359413.17
13,199115,3.3,499,27.5,3,5,3822995.08
4,83532,3.1,359,18.6,4,5,4249539.86
3,192647,3.1,358,23.3,8,3,4513875.23
7,132626,1.4,417,9.1,9,4,4290434.14
7,138943,2.7,292,19.8,8,5,4078039.83
6,51002,2.8,421,14.6,2,4,4306125.14
2,54812,3.9,247,14.3,4,3,4374610.63
0,158698,4.4,217,16.6,4,1,4261531.98
0,196051,3.2,493,8.0,2,2,4817897.4
11,212129,1.3,296,18.3,8,2,3665735.03
10,113946,1.9,420,18.7,3,2,3543723.27
2,71668,1.7,255,27.0,2,4,3985976.71
5,104003,1.5,484,17.9,7,2,4629050.88
6,216142,2.5,363,16.0,1,1,3631443.79
5,225462,1.9,498,29.9,6,5,4535317.29
13,47998,1.9,110,20.6,3,4,2658271.42
13,199886,1.2,462,18.4,3,1,3532701.68
5,109601,1.1,462,18.9,5,4,4359964.89
5,181679,1.4,260,25.8,3,4,3365472.46
12,12812,1.7,148,15.5,4,4,2820142.73
2,66844,2.7,274,16.6,3,3,3795549.71
5,206165,3.0,453,24.6,7,5,4582241.95
7,138251,1.6,347,9.6,3,2,3452922.71
10,179870,2.7,341,27.0,4,3,3570247.45
10,79601,2.4,101,17.5,2,5,2399961.86
1,144347,1.7,211,20.8,2,2,3223270.94
4,186646,1.0,320,24.7,9,3,4060611.28
13,52857,2.9,363,13.9,1,3,3524048.74
0,130555,3.7,167,27.6,1,1,4001536.56
11,237556,1.9,205,29.5,1,3,2443222.68
14,25700,1.5,346,18.9,3,4,3647027.42
0,175536,4.5,381,28.6,2,3,4823955.64
4,178423,2.1,371,8.0,3,4,3528568.11
11,98330,1.9,112,27.7,5,5,2717267.35
12,230391,4.4,189,14.8,9,5,3552058.55
2,218606,4.3,289,14.9,2,4,3911674.86
3,149941,2.8,115,13.0,1,1,2950144.35
2,196387,3.0,305,15.0,6,1,4369737.42
0,246133,1.9,117,12.7,3,5,2542918.54
0,229760,1.3,267,27.9,7,3,3898318.42
11,157026,3.3,153,27.8,6,5,2772430.29
11,167627,1.4,100,10.2,7,5,2452674.73
13,68353,2.8,230,11.1,5,4,3010607.22
12,218262,4.8,497,27.0,1,1,4280127.35
13,181098,4.8,140,16.8,3,4,2520740.67
4,105772,2.0,77,11.7,3,5,2746246.39
5,183048,3.5,455,19.2,7,2,4837732.5
2,216650,2.9,470,17.2,3,3,4238974.45
11,96502,4.5,121,12.8,5,5,3004893.27
8,118943,2.1,114,23.9,4,4,2915650.59
4,114850,1.0,362,21.9,4,2,4138727.08
7,50095,1.7,495,10.2,7,2,5046210.25
12,150342,2.4,369,28.4,1,5,3515655.22
0,166980,2.3,442,20.3,7,1,4951302.38
13,20523,4.2,107,13.5,8,2,3408843.83
4,67433,3.7,424,12.5,3,3,4442605.05
14,183140,2.2,449,11.0,3,4,3206119.15
2,24991,2.8,300,17.3,4,4,4497550.31
11,15775,1.4,331,11.0,6,4,3485307.54
0,213873,4.6,137,17.1,7,5,3797641.77
3,89995,4.7,248,11.3,1,4,3832282.49
14,197322,4.9,426,22.4,4,4,3856358.91
12,152745,4.5,488,25.3,7,3,4597917.31
4,127808,1.7,255,20.1,2,1,3299923.32
6,163128,1.2,270,23.0,1,5,2827617.02
0,142686,3.3,459,28.6,1,5,4708476.39
2,237628,4.7,82,22.0,6,4,3540764.6
1,12415,1.7,283,16.0,5,3,4582544.73
8,224763,1.0,289,17.9,1,2,2890383.5
9,179956,4.2,355,26.9,3,4,4028548.45
14,153036,1.3,313,10.9,7,4,3341624.41
5,173798,2.7,425,15.2,9,5,4603355.38
9,42044,3.7,327,20.7,9,5,4685829.82
2,193221,1.9,127,22.9,6,4,3216898.22
7,173616,1.3,105,24.8,3,5,2593339.66
13,54976,4.1,397,15.0,1,3,3917571.62
7,168324,3.5,498,11.2,3,2,4408751.4
1,8832,5.0,462,29.0,2,2,5878584.33
14,226883,2.4,451,9.7,5,2,3370387.29
5,216509,1.2,262,10.1,8,4,3266986.32
6,239821,3.9,402,18.9,5,4,4340677.7
1,39148,3.1,119,26.0,1,4,3732228.36
14,197312,1.9,101,25.0,3,3,2140968.56
10,244241,4.1,167,28.6,5,2,3283231.05
9,224526,1.8,112,11.1,7,5,2542529.6
1,117230,2.0,450,16.3,5,5,4687562.34
9,90076,1.4,420,14.2,5,1,4170945.42
0,213188,2.6,403,26.9,7,1,4787865.34
7,189531,2.7,379,18.7,8,5,4329641.8
0,43402,3.1,116,8.6,8,2,4090186.29
8,193799,3.8,339,23.6,7,4,3994016.43
10,43578,4.6,380,16.6,3,5,4256380.54
5,95453,1.6,482,19.7,2,5,4306622.96
6,158390,1.2,132,27.7,1,1,2853633.24
12,80715,1.1,88,13.6,6,2,2737772.8
9,213859,1.6,416,13.3,9,5,3832951.74
6,116435,3.6,462,13.8,3,4,4453921.47
9,221101,3.9,170,15.4,5,4,2903104.08
2,156538,4.1,106,10.4,9,3,3873443.76
1,100742,2.0,176,23.3,9,4,3982476.56
8,50475,2.2,161,12.6,7,5,3259087.5
7,65142,2.9,377,28.4,4,5,4478091.71
12,221232,1.3,254,12.7,2,4,2397275.97
11,162636,3.4,285,13.6,2,1,3531776.89
9,158484,4.9,97,14.5,4,2,3298555.63
6,98526,2.4,105,24.9,1,5,2832283.58
8,56001,4.0,441,17.4,4,4,4690053.66
3,62649,3.0,389,26.0,6,4,4852278.64
12,197029,1.5,87,25.3,6,5,2462999.11
3,171589,3.3,414,28.4,7,3,4955701.67
0,149228,2.2,488,24.6,5,2,5235750.14
7,159136,1.1,265,9.1,9,5,3340062.32
13,30711,3.5,147,26.4,2,4,2847705.99
13,35106,4.4,236,28.6,2,3,3725020.19
11,70458,2.4,159,29.9,4,5,3200544.97
2,152661,2.6,333,10.8,4,2,4115295.44
6,225344,4.6,277,21.5,4,3,3929260.46
14,135429,4.3,281,12.4,1,4,2919913.01
11,222583,3.9,340,13.8,4,1,3772145.7
1,106754,2.0,332,24.4,5,2,4669495.81
1,143286,4.6,342,29.5,9,3,5421744.27
6,232189,1.6,411,21.1,3,5,3620528.28
14,221803,3.5,283,26.7,3,5,3165065.11
5,246190,1.1,443,8.2,5,3,3602999.78
2,131479,3.6,133,8.8,6,5,3603583.82
8,163199,2.1,81,21.1,3,3,2666370.51
9,141213,2.8,279,16.6,1,2,3360547.26
14,33884,2.4,381,27.6,8,5,4067292.51
13,226493,1.7,243,14.6,1,2,2411924.71
12,7708,3.5,325,17.5,2,4,3730960.7
5,23375,4.5,170,19.6,3,4,3600265.09
9,20088,4.8,85,14.0,6,4,3347078.91
9,62615,1.8,266,28.0,4,4,3784343.73
5,115138,3.9,327,18.2,4,5,4087898.84
0,181118,3.7,453,17.3,9,3,5482565.58
3,15014,2.4,313,26.7,6,5,4741005.62
9,200497,1.1,417,14.9,2,5,3319945.11
5,139345,3.8,318,26.0,7,2,4495800.33
14,183207,4.8,174,10.7,3,3,2922514.19
5,107842,3.5,251,12.0,9,1,4422507.45
10,166953,2.7,224,28.9,6,1,3601341.19
11,233094,3.1,356,26.5,8,3,3813476.96
4,83077,1.8,238,16.5,1,1,3449151.65
0,144784,4.0,489,22.0,2,3,4937089.74
7,210776,4.0,116,28.7,6,2,3556041.53
4,57874,1.6,112,12.7,3,2,3353033.39
11,74087,4.5,390,9.3,1,5,3945791.81
11,17297,2.1,375,19.8,6,1,4362947.43
11,245341,4.9,290,11.1,5,3,3426451.34
4,32128,2.5,70,12.1,9,2,3796578.43
6,73368,1.7,269,27.6,6,5,3833334.6
3,230091,2.4,213,8.2,5,1,3392022.72
5,223671,2.8,447,26.0,1,1,4067766.81
12,224571,1.3,97,19.4,1,1,2026883.13
3,83958,3.3,411,20.3,1,2,4655762.24
13,37920,3.4,407,22.8,7,2,4704568.35
14,147228,4.0,347,17.5,6,1,4012483.84
2,147180,1.1,110,10.5,5,2,3117155.52
6,167917,3.2,401,10.3,4,1,4054175.7
7,138872,1.2,216,24.6,8,4,3359532.49
3,239686,3.8,414,12.9,8,2,4754100.43
12,178784,1.2,247,8.6,5,3,2891782.68
1,138682,4.6,384,29.6,4,2,5021869.27
11,82603,3.8,394,29.6,2,1,4307032.32
9,38872,3.0,487,16.3,7,3,4938283.41
13,15728,2.8,236,8.6,5,5,2993322.75
2,100102,1.5,192,24.0,3,3,3583757.66
0,231391,2.2,143,26.3,9,3,3715849.2
7,127049,4.5,308,10.8,9,2,4614515.06
14,25583,4.6,318,11.0,8,3,4243550.41
2,90774,1.0,332,26.1,1,3,3870288.62
11,143335,3.4,321,28.3,3,1,3806873.14
9,131374,3.9,426,25.4,2,2,4273825.05
6,203522,3.5,180,12.4,4,1,3101201.75
9,225357,1.3,249,17.1,2,2,2883431.28
4,155528,1.9,257,21.2,8,5,3766330.41
9,96118,2.0,377,11.5,1,3,3461983.16
4,70942,4.3,276,12.6,4,2,4326033.82
13,18689,2.9,303,14.2,5,3,3583600.05
6,169006,2.9,93,19.2,4,3,2860120.04
14,38276,4.7,95,19.2,8,4,3686645.95
8,106968,3.5,450,25.9,2,1,4608106.15
11,155945,4.6,287,24.6,9,2,4168494.58
4,18050,2.8,415,28.1,2,5,4319149.04
0,71216,1.6,447,26.3,2,4,4847061.14
9,220516,4.7,79,13.6,2,1,2542639.51
9,89040,2.8,86,15.3,8,5,3018949.54
0,26644,1.7,314,19.0,3,5,4174632.86
14,67021,2.2,275,8.3,8,3,3342467.6
1,173197,1.2,327,27.9,7,1,4411473.55
13,202971,2.9,181,9.0,4,4,2399375.32
5,47291,4.4,274,15.1,7,2,4724297.07
8,171132,4.7,96,20.5,8,2,3585186.75
7,137610,4.7,140,19.4,6,4,3808989.28
12,172248,1.5,245,22.4,6,3,3307108.78
4,46520,2.5,271,19.6,3,3,3855217.47
0,30675,1.1,317,13.0,5,5,4169922.72
12,154359,4.4,187,12.4,2,1,3366068.86
6,5174,2.4,78,28.0,5,5,3204709.08
14,97268,3.5,155,13.8,5,2,3134839.79
4,39998,3.9,92,14.2,7,4,3855205.68
5,238663,2.7,309,17.1,4,1,3585168.54
12,189384,2.2,142,11.1,6,4,2402243.18
6,148184,4.8,96,19.2,9,1,4198189.58
2,110410,4.9,418,22.6,4,2,5435512.89
11,80225,2.2,150,25.3,6,2,3349312.35
9,49814,2.9,153,23.7,9,1,3752127.35
2,90091,4.9,268,11.2,1,3,4310255.68
4,55719,1.0,112,18.0,8,1,3402277.71
5,134887,2.7,332,8.8,1,2,3768618.85
8,38919,1.4,161,8.4,4,4,2722353.66
12,78155,3.0,408,17.7,3,5,3834177.78
13,76569,1.1,153,13.6,4,4,2627040.12
11,46328,2.6,369,23.0,7,2,3966212.24
4,206554,1.9,492,23.9,9,4,4759581.13
14,29618,3.1,365,27.7,9,3,4517642.79
0,39675,5.0,204,24.7,1,3,4325847.93
13,237866,4.2,350,9.1,1,1,3098240.81
13,23919,4.4,128,16.2,9,4,3615221.68
13,9173,3.5,466,14.0,4,4,4542109.57
3,114369,1.2,428,16.5,3,2,4477736.24
4,31400,1.8,411,11.5,9,1,5122053.17
11,186517,4.7,310,10.1,5,1,4030953.19
9,75305,2.5,437,19.5,6,4,4354367.91
9,173636,1.4,411,23.8,1,5,3481609.7
4,181886,3.8,167,23.4,1,4,3074515.02
6,215819,2.2,131,17.9,7,4,3450711.67
3,93791,2.1,333,19.5,8,4,4506149.06
0,164034,5.0,182,19.4,8,3,4587514.04
13,220964,4.4,498,23.2,7,1,4364738.26
13,221914,2.6,215,9.1,9,3,3135958.18
4,75533,4.9,285,23.6,1,5,4176455.89
6,192256,3.6,325,20.8,2,2,3892847.74
9,218984,4.0,385,12.4,3,5,3631083.83
9,242488,1.1,385,9.1,5,1,3389066.42
5,108591,1.5,431,10.4,4,2,4168004.71
4,146650,3.5,327,19.5,4,5,4057101.36
3,136060,4.6,263,24.7,8,1,5012561.29
1,154696,3.5,416,15.4,8,5,4855804.51
3,44194,1.5,83,16.3,7,2,3852735.56
14,114903,1.5,373,28.6,1,2,3345497.53
9,136461,4.4,172,12.7,4,5,3401112.05
9,104303,1.6,314,10.3,1,3,3337179.92
2,247188,3.1,314,15.6,5,5,3581920.47
9,118903,1.1,381,24.4,3,5,3368510.85
0,72391,1.3,337,21.8,3,5,4060092.38
7,242501,3.7,293,17.1,4,3,3325444.44
4,149866,3.8,289,29.2,2,4,3926442.67
12,63002,2.4,380,24.2,7,2,4300211.69
3,40531,1.9,481,9.4,4,1,4972698.42
7,188887,4.3,435,24.4,5,2,4680425.46
6,9986,1.9,286,8.5,2,2,3724327.97
1,37298,3.2,73,22.3,6,4,3974167.19
0,6481,4.9,105,12.6,9,2,4795039.48
11,61408,1.6,247,23.3,8,2,4057452.19
10,205339,4.8,456,14.8,8,3,4661976.58
3,126950,1.7,326,27.2,2,3,3565503.27
7,152907,3.3,86,15.4,4,3,2964358.79
11,130355,2.5,268,21.6,8,3,4065289.68
1,32798,4.9,387,14.3,1,3,5040003.91
2,96649,2.1,117,28.2,8,1,4187348.01
11,69887,2.6,131,25.2,3,4,2934563.48
0,24477,4.9,138,13.4,8,5,4618539.5
0,153338,3.1,216,28.9,6,3,4451675.28
12,222400,3.0,428,15.9,7,4,3823162.45
2,222060,2.0,435,22.3,2,5,3933202.56
10,132815,3.8,231,24.3,1,2,3412260.46
4,179598,1.1,296,8.5,6,2,3756095.23
11,242942,1.2,416,29.1,3,4,2934368.65
2,132426,3.4,299,15.6,4,1,4275505.09
0,147961,2.4,439,12.2,9,1,4884098.86
0,29335,4.8,247,26.7,3,4,4676108.42
7,147326,4.6,414,23.5,2,1,4777964.17
9,91610,3.9,479,9.9,2,1,4388067.25
10,16442,4.3,125,10.6,2,2,3200761.36
11,51289,3.7,147,23.7,6,1,3764923.37
12,58747,1.5,339,9.6,2,1,3522826.8
12,42327,4.1,275,28.2,7,4,4327443.99
11,152271,1.8,350,24.3,7,1,3937284.69
14,77827,2.3,297,15.4,7,3,3655089.03
13,111464,4.3,457,16.0,2,3,4176595.5
1,136184,3.1,308,19.1,7,4,4382386.14
12,92051,4.4,357,15.9,8,3,4119690.19
2,155653,1.9,151,25.2,8,2,3682487.36
1,64722,3.4,403,29.4,2,4,5056643.64
2,97036,1.3,319,20.9,5,1,4614373.98
6,233634,3.6,262,17.8,6,3,3688445.24
0,152595,4.1,175,12.9,9,2,4573742.01
9,71960,3.3,258,22.4,6,4,3871510.27
7,24552,2.1,345,23.1,6,4,4393198.97
12,146880,1.1,143,23.1,6,1,2723729.25
9,240419,1.5,79,8.6,9,5,2525925.28
9,208597,3.5,192,27.8,7,3,3413416.62
9,159692,4.7,285,15.4,1,2,3444031.98
13,240637,1.8,359,24.4,1,4,2851101.65
1,5887,3.9,480,24.7,4,3,5707353.96
2,36802,4.5,109,22.3,2,2,3914641.97
8,90024,3.1,262,16.7,3,2,3606073.99
6,231621,3.7,196,21.4,7,4,3411185.28
3,123639,4.3,358,8.9,7,3,4455549.24
9,123248,2.0,140,24.8,3,2,2873818.04
4,86938,2.2,206,10.2,2,4,3249248.92
1,222813,1.0,213,16.7,1,3,3037155.08
12,127746,4.9,458,10.3,9,3,4600195.89
10,31049,4.7,423,26.4,3,4,4771081.14
12,82789,4.1,449,20.1,9,3,4788009.24
7,89526,1.3,476,23.2,4,5,4210356.41
3,143918,2.8,368,23.0,6,2,4786553.96
8,226635,1.4,439,26.5,7,2,3803992.74
4,240808,1.1,414,10.9,6,3,3691051.66
12,51220,3.5,338,22.5,1,4,3682686.83
8,51163,4.8,453,20.7,6,1,5252265.35
3,139837,4.6,477,8.7,6,3,4841691.32
9,122126,3.8,208,12.4,5,1,3521490.94
4,86486,1.4,121,13.9,3,3,3138744.28
8,181342,2.1,86,9.6,3,1,2297549.43
7,80277,2.3,234,15.8,7,3,3968281.84
2,224350,4.1,82,8.6,8,4,3254525.96
0,226311,4.2,259,20.2,3,1,3845128.39
2,109245,2.5,409,12.7,3,5,4401627.83
3,127332,2.7,422,14.3,7,4,4724107.77
1,239231,1.2,431,28.0,7,3,4302416.51
0,27931,2.2,421,19.1,9,1,5451290.15
6,94116,2.8,333,13.9,6,2,4520896.46
7,60633,1.5,381,21.2,7,4,4428853.85
6,216774,2.8,290,12.4,1,1,3476985.91
13,56913,4.4,173,9.6,7,4,3266513.35
4,99776,3.3,408,8.5,2,1,4577963.77
11,30991,1.3,267,28.9,7,2,3668934.05
0,190917,1.8,369,23.9,3,5,3846901.12
6,109092,2.9,428,25.6,9,2,5185991.9
12,234577,2.4,437,29.6,5,3,3650606.94
6,191384,2.4,238,28.5,7,4,3934982.14
8,146633,3.1,218,24.2,8,5,3525239.52
2,152973,3.3,318,23.3,2,4,3910771.65
8,242113,4.2,325,15.4,1,1,3703636.73
13,100556,2.4,111,10.3,7,3,2675719.18
0,67875,4.2,271,20.6,6,3,4924648.22
0,161989,2.4,313,20.7,6,4,4141525.05
13,67120,1.2,226,28.9,2,3,2900649.89
3,138060,3.2,470,17.7,3,4,4738449.74
8,249817,3.4,355,23.2,4,1,3743690.38
5,115041,4.7,351,20.6,3,1,4727286.03
12,133467,3.9,450,11.9,2,4,3826056.17
10,150328,4.7,307,21.0,3,2,3906029.68
2,123490,4.6,88,19.9,6,2,3737630.62
0,223800,3.4,122,18.9,9,1,3846545.74
3,131155,3.1,154,19.3,4,5,3293413.65
11,33230,3.2,342,11.6,6,2,4076964.01
12,241538,4.9,499,18.2,1,4,4168316.46
8,64778,4.1,429,21.3,6,1,5167284.49
2,50833,1.4,282,18.8,3,3,4027270.94
11,27625,4.1,430,18.8,9,3,4918332.26
8,37088,1.7,173,9.7,4,2,3085924.16
6,215722,2.8,261,12.2,7,5,3348391.86
11,177239,1.8,498,15.1,4,2,3935207.94
13,108937,3.8,246,17.2,6,5,3471208.38
14,207363,4.5,216,21.1,7,2,3490551.73
3,201375,2.2,449,27.0,2,3,4285036.22
2,81361,1.3,150,11.5,6,5,3447234.22
9,93229,2.2,262,8.3,8,3,3839205.7
14,140189,3.7,106,17.9,6,4,2702169.59
4,95265,2.3,446,17.5,2,4,4499462.02
4,102718,2.1,395,20.1,4,1,4323785.97
2,65710,1.7,223,26.3,1,3,3753327.29
11,230498,3.0,199,25.7,7,3,3214800.61
8,99876,2.1,128,10.2,8,1,3369667.01
3,203126,3.9,293,28.5,2,4,3866951.78
10,35949,1.3,318,10.4,5,4,3751251.16
4,158619,3.7,309,22.0,8,5,4305507.56
3,217954,2.0,443,22.8,8,5,4738256.73
4,73136,3.0,458,23.0,5,4,5136696.81
6,116541,2.1,362,13.8,8,2,4431043.81
8,200691,3.9,356,15.3,6,3,4006501.51
6,66842,4.8,273,20.1,5,5,4161307.99
12,230875,4.7,168,12.4,4,2,2612219.16
4,237930,3.3,419,8.4,5,5,4133191.72
9,31990,2.9,245,20.4,4,1,3715305.74
9,152265,4.3,331,18.2,1,3,3548482.52
6,35109,3.7,340,22.4,3,5,4389324.17
13,135356,1.7,212,11.2,8,4,2921449.25
14,155305,4.3,258,26.5,7,1,3860224.94
9,249629,2.7,341,11.2,7,1,3778200.4
4,217802,1.8,89,27.6,3,4,2931299.02
2,133133,2.1,402,17.9,9,1,4994887.05
6,170582,2.1,369,20.1,6,3,4001311.8
12,6306,3.1,495,27.7,8,5,5003320.26
10,8849,1.9,115,14.6,8,1,3367772.71
10,17360,1.5,164,12.0,3,3,3225883.19
1,116072,1.5,487,17.8,4,4,4742619.04
14,99767,3.3,133,13.4,6,5,2875399.15
11,181872,3.9,482,19.6,2,4,4251259.29
8,173035,2.3,200,14.1,7,5,3049247.55
9,59330,1.1,78,27.0,2,1,2513036.69
9,56707,1.5,272,21.4,5,1,3765467.88
11,23689,4.7,478,8.0,4,5,4383381.18
0,34084,3.0,367,25.7,9,3,5359582.16
12,45387,2.8,243,15.3,2,3,2902502.08
5,79816,1.2,142,15.0,7,3,3166799.69
6,7642,3.9,153,16.4,7,2,4310513.5
13,47137,3.1,128,21.9,7,3,3357784.53
12,215904,1.8,90,17.7,1,1,2261435.72
7,191633,1.4,475,21.8,8,2,4509430.29
9,67260,2.5,226,11.2,2,3,3179790.17
8,151510,4.3,388,29.3,5,1,4673291.19
1,53442,4.5,398,24.1,2,2,5631476.19
10,108061,3.4,130,13.5,5,1,3358207.71
9,139066,3.9,133,23.9,7,5,3249211.31
1,130844,1.5,394,20.7,6,1,4735069.32
4,249602,3.4,237,10.4,5,2,3540078.86
12,104575,3.7,272,11.9,4,3,3566910.75
4,6813,1.8,198,8.9,8,2,4330044.0
5,98027,4.5,314,25.8,8,3,4937085.34
2,128489,1.8,175,20.1,1,3,3154419.1
7,89381,2.3,390,15.0,2,4,4160509.34
12,60276,3.5,191,10.8,3,5,2809291.01
0,46243,3.6,387,18.6,1,4,4645597.1
5,198984,3.8,251,19.6,3,2,3820266.78
3,65272,1.4,172,23.4,8,4,3746608.59
0,238772,4.4,385,29.3,4,3,4727417.71
14,178123,3.1,371,17.6,7,2,3696432.5
6,214926,2.9,330,16.9,7,4,3914971.07
8,218808,4.9,182,16.1,5,1,3420136.15
12,70618,4.0,475,26.2,1,5,4263002.72
3,6920,1.5,139,11.4,4,1,3516796.62
3,111121,4.0,229,15.6,7,2,4535723.19
5,213291,1.4,309,23.9,5,4,3624451.94
11,81872,1.1,80,8.3,2,3,2237603.47
14,86132,2.6,207,14.4,8,4,3275250.53
2,7093,5.0,236,22.1,2,2,4509057.72
12,17905,1.7,316,12.1,8,2,4008005.1
11,126759,3.7,423,14.7,2,2,4018641.92
5,160423,1.7,100,18.7,5,2,2622019.1
6,35981,3.9,81,17.3,4,4,3382589.96
10,78903,3.0,312,10.3,1,1,3636585.25
9,75821,3.7,177,28.6,8,3,3878122.14
9,114200,1.8,405,9.0,3,3,3826528.07
2,239313,4.0,491,24.5,4,5,4806899.75
6,87289,5.0,392,9.6,4,2,4610615.82
13,121506,3.7,263,18.3,5,2,3629267.5
2,220093,3.0,377,11.9,3,2,4020932.2
12,83513,4.7,202,11.1,9,1,4021480.72
12,155946,1.1,464,10.8,4,2,3609173.76
1,187003,3.9,350,18.0,4,5,4383341.79
11,143746,4.6,360,19.3,6,5,4298285.71
13,55516,1.2,232,10.9,8,1,3325534.16
9,230646,2.8,347,29.5,7,2,4157896.02
3,196758,1.8,490,13.7,4,4,4264381.66
11,230923,3.3,272,18.1,4,4,3067062.62
7,74212,3.6,165,12.8,5,3,3498074.33
12,138498,2.2,292,18.9,5,1,3228804.99
14,135970,2.8,306,24.6,1,4,3134143.45
8,95009,2.1,186,19.5,8,3,3652079.98
6,204570,2.5,261,14.3,5,5,3349232.56
0,166015,1.6,345,13.5,3,3,4195633.06
2,202467,4.5,175,24.7,3,2,4032792.17
12,49816,1.0,73,10.6,4,2,2577744.21
11,9138,4.5,87,16.1,7,5,3396786.74
13,236800,3.3,376,11.3,5,1,3494192.14
8,96176,2.3,89,13.7,1,2,2444248.4
14,80945,3.9,191,11.4,5,2,3253440.52
11,9017,3.0,206,27.5,5,3,3750687.01
0,15451,3.0,149,24.1,6,3,4391913.73
8,199028,1.4,223,20.3,7,3,3081089.04
7,98863,2.6,427,12.9,5,4,4236771.81
0,15278,2.0,94,19.2,2,5,3103924.16
5,226552,1.1,238,19.5,2,1,2925438.19
4,48764,2.4,128,21.0,4,3,3646603.18
5,128030,1.4,370,9.3,1,1,3502196.26
9,137206,2.0,110,29.4,7,3,3410978.73
11,67943,1.4,107,18.2,1,2,2600506.37
12,100667,1.4,186,28.4,3,1,3065185.17
12,59318,1.8,344,8.2,7,4,3895076.42
12,108423,5.0,339,13.4,6,3,4133575.94
14,108998,1.0,196,10.3,7,5,2530877.33
4,65128,3.6,474,24.9,5,2,5257724.65
5,224128,1.6,468,15.0,8,3,4144789.21
4,26869,4.7,72,26.5,6,1,4329503.71
10,238540,1.4,362,26.3,4,3,3306546.71
11,10039,4.8,442,22.7,1,2,4529101.98
4,157353,3.4,499,22.6,2,5,4479009.26
3,117935,1.0,85,23.4,6,5,3049681.47
2,15442,4.6,467,22.8,4,5,5429617.45
2,78788,3.1,334,16.5,3,2,4393220.39
3,124729,2.1,308,23.0,7,3,4298230.56
8,32586,4.1,332,27.7,7,2,4916205.9
1,58053,4.7,467,15.3,2,2,5094539.64
14,186561,2.9,203,28.8,8,3,3300095.71
8,219176,2.3,282,8.3,1,4,2751292.57
0,91346,4.2,84,15.7,7,5,3583763.8
13,72087,3.7,397,10.9,1,1,3658743.51
14,148697,4.6,487,10.8,3,1,4103111.87
14,39397,3.8,429,25.9,3,3,4530867.97
0,63671,2.0,198,28.2,2,1,4071862.61
4,121214,4.7,421,25.1,5,4,5013506.41
5,227857,1.4,191,29.5,4,2,3091883.24
5,71897,2.1,310,12.8,6,5,3907456.71
2,162221,3.1,184,11.1,2,1,3276405.03
6,196102,3.3,266,19.5,4,1,3693232.6
8,205978,1.1,291,26.2,7,3,3733407.41
10,141355,4.1,283,8.9,1,3,3091717.4
11,143682,2.4,473,29.9,3,2,4133489.8
9,179398,2.6,149,21.2,1,5,2642734.06
7,19924,4.2,332,29.5,2,1,4735249.17
5,118143,2.5,204,16.0,9,2,3883489.92
11,115253,1.2,375,18.1,5,5,3696284.01
7,212234,1.7,311,24.6,4,2,3467093.46
11,105297,4.8,455,25.4,4,1,4606720.06
4,5869,1.3,372,13.1,8,3,4885639.8
7,102088,2.4,339,28.5,3,3,4023030.1
9,6014,3.0,356,27.1,4,3,4377278.78
11,15103,3.0,119,8.4,2,4,2792915.46
3,218594,1.0,258,10.8,6,2,3282729.37
9,115317,3.0,366,18.9,9,1,4477263.46
7,232079,2.5,83,18.1,4,2,2822798.27
9,169530,4.9,458,23.6,6,3,5068279.9
11,226677,1.6,301,10.0,4,2,2764993.48
1,87409,2.4,330,22.2,2,5,4074369.21
11,28248,2.7,261,21.6,6,2,3919914.24
11,225232,2.6,482,13.1,7,4,4066908.08
4,179588,3.7,272,19.9,4,4,3711178.15
8,165133,1.9,330,12.9,7,3,3847667.08
3,160242,1.9,182,11.2,8,1,3816172.35
10,13024,3.9,443,20.6,3,5,4641474.77
5,218286,3.0,421,29.5,2,1,4394511.62
14,239864,2.7,105,13.2,5,1,2306592.9
0,90947,1.7,148,15.8,2,5,3390742.38
8,179875,1.8,344,13.6,5,4,3595984.94
0,155368,1.0,347,13.9,6,3,3947814.73
4,96829,1.4,231,16.9,8,2,3737486.58
3,97708,3.2,381,23.4,6,4,4794162.21
12,91664,4.6,86,8.9,4,3,3063380.77
11,154329,2.1,273,29.1,3,4,3270419.82
12,148927,2.3,86,9.0,2,5,2074466.35
12,90178,1.5,271,27.4,1,1,3025602.59
13,106121,2.6,279,27.7,2,5,3161238.45
2,25025,1.1,471,19.5,2,2,4890740.99
12,140530,4.7,498,11.0,5,5,4458281.73
5,68610,3.7,147,20.4,9,1,4269866.35
1,75843,5.0,125,21.8,1,4,3868589.81
2,112237,4.5,149,26.9,4,3,4046770.19
4,220033,2.9,375,20.1,7,2,4569581.76
14,185903,3.1,127,17.0,3,4,2347159.13
8,179499,1.8,87,26.4,8,3,3004890.87
1,229881,2.8,277,29.6,3,1,3849252.7
9,135299,4.6,204,22.2,8,5,4043261.78
7,174578,1.2,401,27.2,2,4,3513203.15
13,10668,4.5,79,21.2,5,3,3307617.75
1,227542,2.4,138,23.2,4,3,3379517.41
10,183267,4.6,410,23.1,9,5,4843099.37
12,78233,4.8,456,23.5,3,4,4529795.41
4,160489,3.7,152,15.1,5,4,3657726.83
6,86982,3.7,178,20.7,9,1,4261661.96
7,111133,2.8,113,21.1,6,4,3165036.98
0,15751,4.3,467,14.9,2,5,5613210.25
5,51218,4.8,201,15.7,1,4,3567133.01
0,131649,4.1,87,24.8,1,1,4031251.66
1,12352,3.5,162,20.8,7,3,4677199.04
14,215124,3.4,363,11.3,2,4,2961907.63
0,93835,4.4,217,26.4,7,5,4701972.21
10,102493,3.2,241,27.4,1,4,3083857.87
4,33927,4.2,120,18.3,4,2,3957673.85
9,177166,3.0,88,12.6,4,1,2767816.93
14,106948,1.2,189,28.8,5,3,3003127.13
8,190194,2.5,393,27.4,1,2,3711821.3
5,34493,2.8,294,13.4,7,5,4281374.68
10,228319,1.6,135,10.1,2,4,2105984.2
10,209611,1.4,210,17.7,2,1,2575397.54
0,36707,3.1,258,22.9,8,4,5014293.3
12,204886,1.3,227,11.9,9,4,2955362.78
0,143368,2.2,167,19.3,6,4,3775052.1
1,161470,4.0,227,17.4,1,4,3559673.32
8,40842,4.9,315,27.6,1,1,4155772.78
2,18261,3.9,413,17.5,7,2,5229765.88
14,81709,5.0,305,19.7,8,5,4199820.17
0,100985,3.8,102,29.0,3,2,3755501.38
4,111616,2.2,430,14.6,9,1,5079483.66
6,192776,3.7,310,14.4,4,5,3931883.23
5,72173,3.8,399,25.6,4,3,4893127.48
11,36781,2.5,407,14.1,3,2,4123103.6
0,18652,1.1,344,26.3,8,1,5170896.34
4,10103,3.8,140,10.1,9,1,4500794.54
14,30500,1.1,382,10.4,1,1,3387257.87
4,105336,3.5,472,27.8,2,5,4818546.24
5,171601,1.7,285,19.9,1,4,3144884.66
2,118499,3.3,148,23.8,4,3,3581071.16
4,154524,3.0,238,13.0,7,5,3697559.02
6,54393,1.1,367,11.7,7,5,4039367.39
4,167246,2.5,249,26.4,6,2,3925187.24
4,200522,3.4,185,15.9,5,3,3650930.38
4,171508,4.4,329,18.0,4,1,3976111.44
9,52406,4.6,329,8.6,8,5,4373722.16
9,68059,2.9,74,16.5,7,3,3292815.07
2,152026,3.9,366,24.9,1,2,4519436.47
0,87722,2.3,177,26.1,6,4,3927494.09
4,17356,2.4,412,23.4,2,3,4859739.67
13,133128,1.8,429,23.2,4,1,3671053.08
8,234571,3.2,186,19.1,5,5,2940291.93
13,7187,2.3,426,19.8,8,4,4416964.73
0,82243,1.3,400,24.3,6,2,4823793.48
2,40098,3.7,400,13.4,2,1,5030661.06
12,228543,3.8,82,13.1,5,4,2395265.45
12,157297,2.4,211,28.9,5,2,3275575.32
3,139678,1.3,257,8.6,6,1,3873863.59
13,62620,2.7,350,11.1,1,5,3148702.74
0,168900,2.8,184,20.5,8,2,4117590.51
0,131270,3.7,497,24.2,3,4,5404600.19
7,162561,2.3,305,19.8,5,1,3900053.44
1,19387,3.7,407,15.8,7,3,5188592.45
11,74463,4.5,79,29.5,3,1,3156657.2
14,207904,1.9,268,23.5,6,4,3096577.93
7,232052,4.9,321,26.3,5,4,3914922.88
6,247998,2.5,119,8.9,7,3,2774557.49
9,248501,2.1,497,13.2,3,4,3748992.33
9,138663,2.7,211,16.2,2,1,3149054.23
1,246503,1.4,340,12.0,4,2,3944973.64
5,184588,1.5,85,9.6,3,1,2192643.39
5,96683,2.7,71,13.0,4,4,3017243.08
2,67061,4.0,227,19.7,7,3,4489929.57
10,240497,4.6,99,23.3,5,3,3119560.23
1,202808,3.7,151,25.0,4,5,3491231.93
11,86257,1.4,100,8.9,6,3,2585731.61
0,66753,3.7,305,17.4,7,3,4896129.51
5,89774,3.5,402,10.7,5,4,4390006.9
11,147159,4.2,217,17.5,7,2,3596386.1
4,166888,4.3,246,17.5,3,2,3867492.65
13,28408,4.5,439,19.0,7,4,4992521.86
13,129116,2.7,104,27.6,3,3,2534949.52
10,241348,3.8,92,25.7,6,1,2890331.39
8,136208,2.1,175,22.0,8,2,3479353.78
0,22413,5.0,166,27.5,6,4,4709770.41
14,118650,1.7,299,22.9,3,1,3488416.69
14,64500,1.0,296,26.0,5,3,3235932.21
6,89514,1.6,440,20.4,9,4,5110321.94
14,61358,4.1,169,19.6,8,2,3711770.9
4,71197,2.8,124,23.9,6,1,3694860.08
4,236848,2.8,264,8.4,9,1,3863367.73
13,228861,4.8,77,23.2,2,2,2192949.54
1,228492,4.7,493,28.6,9,1,5757526.29
10,168926,2.2,384,23.7,6,2,4158452.29
2,81240,1.8,197,8.8,9,4,3934943.35
6,240595,4.4,101,16.3,4,5,2979136.11
5,226135,4.6,162,25.8,5,3,3668868.09
11,21322,3.2,76,29.1,2,4,3104054.17
1,118053,3.5,327,16.1,3,3,4198380.32
5,11968,2.0,410,26.5,1,3,4554028.33
1,32518,4.2,459,27.0,4,2,5852462.39
1,56925,3.5,289,10.7,2,5,4470519.87
1,195920,3.0,309,26.6,2,3,4230288.93
13,116900,1.2,175,15.1,1,3,2317520.71
14,98422,4.7,105,21.1,2,4,2602443.02
10,6700,3.5,485,19.9,4,5,4585906.55
2,98782,1.8,114,22.6,6,5,3396677.75
14,237076,3.4,367,24.3,7,3,3982260.36
1,28199,3.7,378,17.7,7,5,5039347.54
3,180661,3.1,435,27.5,7,4,4875456.58
8,168187,3.9,78,25.8,4,2,3217553.57
5,198006,3.3,156,25.3,5,3,2930632.07
0,190388,4.8,439,18.1,3,1,4870824.12
7,10520,1.2,400,8.8,1,3,4129415.68
14,114814,1.4,246,18.8,8,3,3389993.37
11,172527,1.7,199,27.8,7,2,3398865.68
13,222537,3.8,264,12.2,9,1,3454464.83
6,128364,3.6,80,29.6,4,1,3624633.24
9,177677,4.6,375,25.8,5,1,4319427.77
2,19955,3.9,488,23.6,5,2,5651867.18
0,180121,3.0,191,22.9,7,5,4041340.87
4,149989,5.0,468,20.9,9,1,5730465.99
12,206365,2.1,304,23.9,8,5,3487437.2
3,214653,4.3,400,17.3,7,4,4639401.58
9,69925,2.7,100,26.6,1,2,2638087.38
7,112216,3.6,417,23.3,6,5,4591204.92
0,75269,3.9,481,25.0,9,1,5699918.65
9,167026,3.5,293,25.4,7,1,4207058.9
0,232743,1.6,222,10.0,1,5,2770971.97
11,208689,2.8,281,9.2,9,5,3356003.67
3,46458,3.2,161,25.6,3,4,3707896.1
7,94037,4.4,478,13.7,9,2,5412290.85
4,157185,2.8,400,20.8,4,3,4225929.44
1,104977,4.7,417,17.8,9,4,5504500.76
5,248694,2.8,198,8.5,8,4,3335100.31
4,226298,3.2,266,8.9,7,4,3714471.51
1,48939,4.2,111,26.2,4,1,4235084.35
12,34345,3.3,435,21.4,9,5,4541591.96
13,182385,4.8,487,19.5,4,2,4212461.67
10,115107,3.6,297,28.8,1,1,3967700.36
10,126866,3.1,263,11.8,6,4,3275421.11
10,228437,1.1,87,13.7,4,2,2431141.17
2,236670,2.7,402,24.6,3,1,4302325.58
14,74166,2.2,312,25.1,5,3,3460430.09
8,183933,4.0,458,16.9,3,4,4352873.28
6,102406,1.8,345,28.9,9,1,4575946.99
6,54298,1.8,196,28.6,6,1,3984835.52
14,183293,1.8,144,8.3,3,4,2211083.22
10,49942,1.5,131,11.8,5,3,2998162.28
5,8453,2.2,357,26.0,8,5,4822615.02
7,107811,4.5,255,15.4,8,3,4385761.72
3,59935,4.1,247,10.1,6,4,4293706.1
7,127439,3.9,235,25.3,5,5,3920847.2
3,179442,4.2,252,18.0,5,1,4014757.25
7,240004,2.1,97,18.8,1,3,2466855.41
8,13328,4.5,399,12.1,2,3,4464085.02
2,20534,1.5,316,22.5,4,5,4256475.27
2,90280,2.3,406,20.1,6,1,4861627.34
10,220997,3.3,91,12.5,7,3,2823425.63
12,41320,1.4,496,15.5,1,5,3952658.54
1,54170,3.9,489,21.1,8,3,5633179.57
12,105546,2.5,165,28.3,1,1,2897469.6
9,85201,4.1,191,28.2,9,1,4314875.31
2,239473,3.0,319,14.3,4,2,3977529.51
2,13640,1.7,448,24.2,7,5,5066346.13
4,236324,3.9,377,25.1,6,4,4332734.24
4,227129,2.0,489,25.8,9,3,5004528.33
1,166121,3.0,481,20.6,2,1,4900932.69
11,141690,1.3,403,8.2,7,3,3756249.71
9,238612,3.5,489,24.8,5,3,4569574.79
12,192125,3.7,395,10.3,7,4,3673465.85
5,137992,2.5,206,10.6,1,1,3318791.9
4,48937,4.8,346,21.3,9,2,5386733.14
5,205796,4.5,389,29.6,1,5,3914373.98
0,148279,3.8,401,13.3,5,3,4987612.08
4,201846,3.9,130,22.2,8,4,3737941.49
8,169044,2.0,319,14.7,1,4,3247869.27
11,146871,3.6,164,27.8,7,5,3294838.63
9,207160,1.8,365,21.1,2,5,3343408.4
13,164988,1.6,253,12.6,7,1,3044395.1
1,75463,5.0,329,13.8,7,3,4874798.31
0,98500,3.5,356,17.5,9,3,5149041.7
13,212772,2.7,224,10.7,6,5,2835435.38
9,42158,2.2,255,9.7,4,2,3697264.84
12,89607,3.4,478,23.0,7,3,4732782.62
10,124639,1.2,138,17.0,7,4,2850113.06
8,76696,1.4,395,24.0,4,5,4114060.07
9,66510,1.1,330,10.4,2,3,3294379.53
8,125076,3.0,184,21.4,9,1,3827453.33
14,63692,3.4,416,17.8,8,5,4534659.82
8,135841,1.2,77,9.3,5,4,2364312.79
5,197816,3.9,334,20.0,5,1,4422044.1
14,20810,1.9,340,9.8,1,5,3300514.56
7,141198,3.7,318,26.2,9,5,4458906.9
13,166081,4.9,174,21.9,8,3,3577834.8
10,235192,3.8,332,20.3,5,1,4070594.59
14,116718,4.5,293,10.9,6,5,3359150.16
12,95932,4.8,397,14.3,8,4,4319964.26
0,5192,2.9,440,18.8,6,1,5650754.81
9,41413,3.8,340,21.9,4,3,4236947.66
3,148888,4.4,234,12.0,3,2,4030560.28
0,44082,2.4,152,8.2,7,5,3852289.89
7,70048,2.0,364,15.6,2,2,4034771.81
0,128130,4.8,203,18.6,7,5,4268390.84
2,55940,3.9,280,12.1,1,3,4197648.31
12,168202,1.9,382,18.8,5,3,3502249.2
3,45142,2.8,161,15.4,9,3,4271608.61
14,41468,4.2,406,18.0,1,3,4310285.47
14,166770,3.2,472,15.6,8,1,4257016.09
14,146727,3.6,196,21.8,9,1,3535705.81
7,183969,4.0,260,8.9,9,5,3842431.62
5,166147,3.5,228,11.8,8,1,4078971.66
13,145431,3.2,400,17.5,4,5,3308504.45
9,134048,4.0,404,15.8,7,1,4615841.87
11,238269,3.9,79,16.6,1,1,2279420.55
6,241187,3.5,176,25.7,7,1,3614222.67
13,47056,2.4,156,27.5,6,4,3261512.17
7,56831,2.6,136,13.5,5,3,3377117.85
1,64191,4.9,131,26.4,1,4,3940214.44
12,126948,1.4,456,18.1,8,1,4125099.28
9,169344,2.1,215,14.0,1,1,2802409.07
13,113117,3.0,222,29.7,1,4,2930293.35
10,19671,4.3,176,26.1,3,5,3659581.01
7,32048,1.7,217,29.9,8,3,3931442.68
2,212346,2.1,255,11.7,8,5,3745467.32
6,30963,1.3,418,11.2,7,3,4752439.7
2,48954,3.8,411,19.1,5,2,4758508.54
14,208381,2.0,247,22.1,8,3,3088870.56
6,238192,2.6,446,11.8,2,5,3376699.17
13,100430,2.8,404,26.9,8,3,4352251.07
10,5717,4.6,335,19.7,2,2,4431668.54
14,16676,2.6,218,17.0,5,2,3318334.97
11,140506,1.6,316,21.2,4,1,3617391.01
12,185882,3.1,323,22.0,1,2,3456479.87
1,239433,4.9,98,8.9,5,4,3389467.24
9,123696,3.4,421,30.0,7,5,4497666.06
5,230708,4.9,335,16.0,1,4,3850276.64
2,135830,4.4,82,9.4,2,4,3405643.61
2,9994,1.1,116,26.8,9,5,3704346.97
14,9234,3.6,220,29.8,5,4,3843521.14
8,74300,2.1,119,26.0,7,4,3157762.52
6,48949,3.2,284,26.7,2,4,3758016.83
4,42405,2.1,201,21.8,7,2,3926757.01
11,39872,2.4,441,28.3,7,5,4554976.05
9,47215,4.7,182,8.8,7,5,3953803.7
6,28185,1.8,321,24.9,5,5,3825284.12
8,179514,4.5,410,22.8,9,4,4911889.02
0,187831,1.1,122,9.1,2,2,2796041.32
6,46153,1.4,199,20.0,4,5,3184107.76
5,82535,4.4,393,19.3,2,3,4644631.41
9,238095,3.5,262,23.2,8,5,3530490.3
13,138653,4.0,148,9.7,1,1,3000376.43
11,56717,1.8,126,25.7,9,3,3478118.32
8,7763,3.1,166,11.1,5,5,3463604.14
0,97910,3.9,267,17.2,3,4,4361502.81
12,60480,3.5,204,27.4,4,5,3597088.5
3,174831,2.9,216,20.3,1,2,3642131.48
8,212139,4.8,241,16.4,3,2,3666788.79
3,123094,3.7,132,9.1,8,5,3877737.93
9,161379,4.6,134,22.8,2,4,3212352.75
2,232443,3.9,364,29.7,2,4,4342564.66
8,16064,3.9,280,28.1,9,4,4646160.53
12,81848,1.3,178,23.8,5,5,3056041.62
1,42548,2.4,351,10.3,5,5,4378560.03
14,173017,4.4,241,13.3,1,1,3025984.48
3,184009,1.9,81,12.1,6,2,2949049.27
14,11476,1.5,475,15.8,8,3,4533669.22
5,187828,2.3,402,13.2,6,3,4358450.4
1,95101,1.9,289,13.4,7,2,4292667.19
14,7382,4.7,467,21.6,4,1,4624094.43
7,185755,4.5,411,15.0,2,2,4343315.77
7,224071,3.0,355,22.9,1,1,3826626.86
0,181348,1.2,241,28.9,6,1,4284125.74
11,169474,3.9,305,22.0,9,4,4177661.87
2,227953,3.5,235,24.5,5,2,4081186.53
9,246372,4.9,256,24.5,2,3,3296771.1
8,163018,3.2,239,15.3,1,5,3113000.35
4,84698,2.3,121,8.3,3,5,3280430.16
5,248381,3.1,388,9.2,4,2,3809908.18
3,210005,4.9,258,14.2,7,5,3934287.62
9,158407,3.8,189,23.2,9,1,3953863.37
1,50095,3.7,174,27.9,8,5,4620830.96
10,216002,2.0,231,29.1,9,1,3654970.8
7,134974,4.0,364,8.6,7,1,4747643.65
10,32197,4.0,110,29.8,8,3,3721351.83
12,132619,2.3,446,15.1,8,5,3879308.9
5,27010,2.9,433,26.5,1,3,4844820.11
4,160195,2.2,234,12.0,9,5,3550224.04
8,92923,2.0,390,9.4,2,1,3889799.19
0,138962,1.1,443,16.3,7,5,4837887.15
4,229377,2.1,404,26.9,5,3,4231812.64
5,135526,3.2,229,12.9,4,4,3444235.03
4,114162,1.0,333,11.4,1,3,3661357.55
5,125927,2.1,422,28.0,1,4,4133836.52
5,13026,4.5,87,28.6,3,2,3814790.94
6,69925,3.4,242,8.3,1,3,3731251.1
3,73842,3.4,421,24.0,8,5,5088052.17
13,38665,2.6,102,14.8,3,4,2512104.39
10,14277,3.7,330,16.2,2,5,3730758.03
13,178311,1.8,279,18.3,6,4,3251973.22
13,183736,4.3,452,17.4,4,3,4125938.95
13,53008,1.5,399,19.3,4,3,3693354.97
14,19683,3.6,451,20.8,2,5,3889103.86
7,136742,2.4,233,18.2,2,3,3448082.35
6,225283,4.0,476,23.4,6,5,4548234.55
8,153961,3.2,493,23.8,5,1,4500238.84
6,191684,2.8,74,17.7,9,4,3153549.93
2,180607,1.7,103,11.1,4,5,2917580.71
2,83542,3.5,349,22.1,5,4,4784893.78
14,59319,4.9,214,25.0,1,1,3497222.56
7,97067,4.3,420,22.0,2,4,4376529.66
4,157711,1.2,140,20.9,3,5,2722272.19
3,200784,2.5,417,13.0,5,3,4462044.39
7,152705,4.7,299,22.2,5,4,3843964.13
14,170732,3.0,194,15.4,4,4,2532427.27
5,73975,3.6,347,28.2,3,1,4582700.47
1,168244,4.7,340,22.4,9,2,4858120.18
3,195269,4.5,426,14.1,1,3,4307000.21
11,106158,3.0,84,18.4,6,5,2619481.58
10,194919,2.8,311,26.6,7,1,4003461.88
3,16577,2.4,222,15.4,4,5,3765289.91
14,82299,3.9,122,19.6,3,5,2667143.81
5,25176,2.1,218,23.0,8,4,4053014.99
5,180458,2.0,427,24.6,9,1,4897059.39
0,68972,2.4,288,11.8,1,1,4073747.29
13,125018,1.7,182,20.4,9,3,3326854.04
7,225863,3.8,357,28.1,7,2,4557104.73
5,177075,3.5,346,29.3,1,5,3819218.37
2,24996,2.9,497,22.4,7,3,5476445.75
13,105922,2.6,152,29.6,5,3,2999391.09
8,91598,4.6,287,20.6,7,5,4679479.56
1,40931,1.1,295,17.7,9,4,4428085.17
14,129168,4.1,339,20.1,8,4,3981785.67
10,171782,4.6,84,10.5,6,5,2878323.56
7,128099,2.8,473,16.8,2,1,4475688.3
9,39693,3.2,359,18.1,8,2,4649926.14
2,171812,4.8,489,26.7,4,4,5451155.24
12,213313,1.8,408,24.7,8,2,3981956.31
11,113944,3.1,334,21.2,7,3,4027775.41
4,229655,2.9,268,15.6,4,3,3682416.82
5,212574,2.0,227,12.1,8,5,3248783.32
9,22374,4.3,402,15.7,2,5,4381257.14
5,212746,4.6,488,23.0,9,5,5091138.52
3,86471,4.1,466,13.8,6,4,5332432.99
2,50913,1.8,276,17.4,7,2,4610654.38
3,128683,1.3,243,16.5,1,3,3241337.87
0,202097,3.4,253,24.8,3,2,3909150.71
3,49516,1.2,334,27.4,5,4,4035118.6
0,92796,3.7,315,23.4,7,2,5042393.57
11,31069,3.1,105,15.5,1,2,2497398.63
14,123333,3.7,442,17.5,9,5,4343744.55
0,192305,3.4,328,11.2,5,2,4260940.98
9,89811,2.7,88,11.7,3,2,2847776.21
13,195121,1.8,481,11.6,7,2,3934590.84
5,237892,2.2,92,10.9,8,1,2938872.22
4,123028,3.1,173,12.0,3,3,3498276.5
13,44178,3.6,310,12.5,7,3,3819271.4
10,37821,4.1,460,10.5,7,2,5016498.4
14,187799,4.1,430,22.1,4,5,4115429.39
3,197007,4.9,273,29.8,9,5,4774814.74
12,21999,2.1,322,27.3,1,5,3398686.41
10,198594,1.3,211,9.0,1,3,2174469.45
2,43712,2.4,371,17.3,5,4,4754562.92
0,200623,4.0,212,26.9,3,2,3835984.43
5,176244,2.8,340,11.0,9,3,4281170.21
1,38722,4.3,376,26.6,5,5,5249510.34
7,15625,3.2,179,21.0,7,3,3868782.38
9,203237,4.7,77,28.5,1,3,2592169.01
4,212581,4.8,138,27.3,2,3,3210076.42
6,11859,1.3,259,22.9,4,5,3957096.64
9,177681,2.8,248,22.5,9,4,3995233.21
11,179379,3.4,132,12.7,5,1,3164905.73
1,115986,2.0,137,10.6,5,2,3751654.89
12,237654,2.6,275,17.1,9,2,3366582.74
7,26839,3.7,469,12.1,8,3,4921083.28
1,32216,1.9,477,10.3,2,4,4933339.14
3,57953,3.4,75,14.7,7,5,3718017.58
0,220553,3.8,188,26.9,1,1,3835157.5
14,196665,1.4,382,8.4,9,1,3430001.83
4,208147,3.0,100,14.4,3,3,2856116.65
8,54522,2.1,75,17.3,2,3,2737824.05
0,235233,3.9,276,19.2,4,5,3938830.26
8,140958,1.8,226,12.0,4,5,2857586.65
10,116249,4.6,136,29.2,3,5,2946115.4
14,12485,2.7,456,20.7,2,3,3990145.38
7,167527,1.8,481,19.5,5,4,3827199.1
5,248056,2.8,399,8.2,4,3,3746900.21
6,152839,2.6,439,18.7,5,3,4303733.25
2,117701,2.7,422,26.4,8,1,5061738.15
13,164525,3.3,405,12.8,2,5,3442554.89
14,212352,3.1,448,15.7,9,2,4106938.31
0,107638,1.6,463,8.5,1,5,4193912.76
4,189514,1.3,358,29.5,8,4,4448606.71
13,187949,3.9,209,9.5,5,4,2868491.83
11,17226,3.2,369,27.8,2,5,4095386.62
11,98405,2.4,82,14.9,8,5,2675816.73
1,27588,4.2,221,20.9,5,3,4609050.94
13,215048,2.6,497,22.9,3,2,3878973.33
4,167781,4.2,382,11.1,7,3,4631039.88
7,183860,2.2,421,17.8,4,1,3921692.9
10,224103,1.3,469,15.2,6,1,3776230.21
8,42019,4.7,178,9.2,8,4,3938017.26
1,181020,2.6,445,26.3,1,4,4579035.88
11,70133,4.2,425,9.0,2,2,3954561.84
2,119444,2.1,218,22.4,8,4,4319745.06
2,202530,3.6,436,14.9,7,1,4831927.85
0,122603,4.5,273,12.2,9,2,4919654.51
7,163598,1.2,376,22.7,2,1,3850096.33
5,209565,4.3,90,20.6,8,5,3330955.4
11,133585,3.3,129,14.9,6,5,2866202.41
12,188270,3.4,90,19.3,1,2,2543668.02
7,235606,3.1,432,13.4,4,3,4134675.79
10,48395,4.5,451,27.0,2,4,4718909.61
8,160103,1.2,314,14.9,7,2,3643296.07
4,211614,2.0,459,13.4,9,4,4540696.72
13,130814,4.5,142,24.5,6,1,3262212.44
11,173773,4.0,145,8.4,4,3,2772060.95
13,117599,1.1,255,13.9,5,4,2883810.32
2,30939,3.1,147,16.3,1,5,3442644.36
4,185217,3.1,459,27.4,4,5,4573764.01
4,156396,2.6,134,28.9,3,1,3565033.17
4,158939,2.2,411,23.8,9,2,4603478.04
2,5203,3.7,359,18.8,6,4,4933403.82
10,152616,1.8,125,22.1,4,1,2969318.62
13,151971,4.2,400,17.1,3,5,4086517.91
9,34063,4.2,328,14.6,4,5,3953752.8
13,95880,2.7,495,28.9,8,5,4528054.15
3,8748,2.1,259,10.5,5,3,3908960.66
8,241094,2.1,75,15.6,1,3,1733236.41
12,122269,2.9,75,27.8,5,5,2723365.36
9,202701,3.9,260,23.9,8,2,4051533.53
8,85764,2.4,217,8.6,4,3,3246763.67
1,156956,3.4,474,8.5,2,4,4491048.69
7,161255,2.5,327,19.4,3,3,3648568.76
7,217642,2.2,287,18.7,9,4,3666281.72
6,207318,1.1,159,17.7,7,3,3001009.03
7,113036,1.0,381,14.7,3,5,3773425.95
13,155331,1.9,421,29.7,5,4,3681399.93
2,172031,2.6,79,14.0,3,2,2945450.64
12,121525,4.4,156,18.8,4,3,3154278.34
5,169529,4.2,319,16.9,8,3,4381787.49
0,90679,2.1,395,11.7,3,5,4341651.85
6,130829,2.0,220,12.5,3,4,2770019.1
14,133216,1.9,182,28.2,8,5,3119289.11
14,138175,2.4,99,26.9,7,4,2581144.22
0,70901,3.0,197,12.4,7,3,4125200.01
8,248386,2.8,147,27.3,2,3,2671217.62
0,180607,1.9,490,12.6,7,3,4690724.4
0,152175,1.5,124,21.8,3,3,3426155.94
14,103046,1.1,374,9.8,7,1,3498284.96
6,95012,1.6,103,27.4,4,3,3480867.72
1,83278,3.8,174,9.1,8,3,4331196.03
13,17391,2.0,241,20.2,8,4,3559582.92
4,107476,2.9,91,25.2,6,3,3475612.43
7,164973,3.4,356,10.6,3,3,3822369.66
7,125721,4.5,460,16.9,6,4,5091145.07
2,102537,4.6,174,8.9,6,3,4212431.94
6,86159,4.0,218,23.0,3,3,3979811.17
2,203986,1.1,341,14.8,4,5,3546206.41
5,136040,3.3,345,20.3,2,1,4055341.04
5,186429,4.1,368,28.5,1,4,4173823.75
2,222980,1.1,241,14.7,2,5,3153595.58
6,246407,3.2,116,9.1,7,2,3006574.55
2,174509,4.4,183,22.9,5,2,3931272.43
7,40503,2.9,344,25.3,9,1,4760996.66
9,232354,1.0,373,29.1,3,2,3180411.8
3,229531,1.0,276,11.5,2,1,3110886.03
14,80403,2.7,464,16.6,4,2,4071632.52
14,177330,1.6,482,26.6,2,2,3660000.4
12,169796,3.7,311,25.8,7,5,3858857.89
0,69286,3.8,370,21.7,6,2,5131326.84
3,79842,1.7,265,13.9,8,1,4554266.67
13,109927,4.6,233,14.2,5,3,3332414.82
6,19908,2.8,245,10.7,2,3,3767191.48
10,228689,1.6,412,28.3,4,3,3471499.28
3,186698,4.1,340,11.8,1,1,3907337.68
12,42228,4.2,179,20.6,2,1,3476466.12
5,28386,3.6,241,20.9,4,3,4326893.15
8,182826,4.4,421,16.1,6,2,4487090.48
0,247014,3.9,271,15.8,4,3,3974650.1
12,33302,4.5,237,22.7,4,4,3968003.84
4,65815,2.7,171,16.5,2,1,3376733.43
10,220820,4.0,155,13.6,9,4,3367022.41
6,68344,5.0,211,16.8,8,4,4247608.12
0,171690,3.9,406,25.8,8,1,5394394.37
13,116603,1.5,282,29.3,5,3,3428651.48
3,212306,3.1,120,22.0,3,5,2814720.56
5,66114,3.3,181,25.2,6,4,3835673.99
1,206202,1.7,340,19.7,9,3,4502772.68
9,30525,4.9,134,21.7,8,5,3902908.41
4,84818,1.7,413,29.7,7,4,4651996.76
10,119589,1.7,252,17.6,8,3,3588442.84
9,150406,4.7,401,9.5,4,4,3969369.34
0,99715,2.9,79,29.1,6,3,3657958.89
5,198839,1.3,303,25.4,5,2,3352226.65
5,11644,3.4,367,16.8,2,2,4561036.49
12,106154,3.4,313,29.6,8,1,4314336.81
14,249309,1.3,420,15.6,3,5,2971161.51
14,169005,4.9,336,16.2,5,4,3875263.89
3,48469,3.2,187,21.4,8,4,4233396.28
12,169759,3.2,213,14.0,9,3,3408291.43
7,111609,3.1,450,23.4,9,5,4945654.76
3,188728,3.4,270,11.4,5,4,3711304.38
7,153447,2.1,308,10.4,2,5,2977002.65
14,70206,2.1,403,19.8,7,5,3753641.31
12,101462,3.0,472,20.2,7,2,4590641.48
7,172679,4.2,484,10.3,8,4,4968431.69
4,88178,1.2,315,29.2,8,4,4584564.55
12,160065,3.4,415,20.6,5,1,4108099.58
14,180458,4.2,77,11.3,1,5,2027302.91
3,182359,1.6,221,14.9,4,3,3599044.05
11,91724,1.1,461,25.6,4,2,4198351.14
12,234204,2.3,280,19.5,3,1,3014470.66
1,229380,3.4,436,12.1,8,2,4910883.86
10,101393,1.6,227,10.3,3,3,3023615.19
14,132314,2.7,127,17.5,5,1,2586513.13
2,81312,3.2,155,15.4,2,2,3717145.43
2,234443,3.4,124,22.4,6,3,3526538.41
3,80324,2.1,270,28.4,6,1,4576263.56
3,76196,2.6,191,13.5,8,3,4110030.23
9,75014,4.1,177,26.8,8,1,4306145.28
10,144282,4.8,373,28.3,1,4,3859222.65
10,146994,4.4,201,27.8,5,4,3492553.47
4,172361,3.3,490,28.9,2,2,4773323.05
3,38340,2.6,461,26.5,5,5,4921798.48
10,44850,2.3,454,21.1,9,5,4850272.95
13,193056,1.5,267,17.0,4,3,2571501.38
9,239771,1.4,116,18.8,8,1,2784747.78
7,118711,3.8,297,27.2,1,4,3698892.88
5,220250,2.0,314,14.6,8,5,3632886.84
5,16094,2.0,272,11.5,6,4,3816569.9
7,92959,5.0,330,11.1,8,3,4663893.07
6,169490,1.8,247,26.2,6,3,3624063.87
14,10741,1.6,93,24.8,3,1,3015434.76
9,116585,1.4,244,18.9,8,5,3824933.06
13,208446,3.3,343,14.0,5,3,3250466.91
10,127564,3.5,409,22.9,5,3,4011355.84
11,73798,2.5,481,8.8,7,4,4224507.33
9,121026,3.1,330,20.5,6,2,4103143.05
12,206604,4.2,355,16.8,9,5,4146963.63
7,115130,4.3,70,29.5,7,1,3658890.66
13,27164,4.8,155,19.2,3,1,3577249.67
1,171667,4.3,407,20.1,5,4,4708642.88
8,35257,3.3,499,23.7,9,1,5456660.63
0,150283,1.7,138,18.7,2,3,3212670.49
14,100989,1.4,100,12.9,1,5,1850862.8
7,141304,1.2,267,19.8,8,1,3821679.24
11,203825,3.7,160,28.8,8,5,3114255.15
10,57691,4.2,418,17.0,2,1,4613811.07
11,225837,3.0,452,23.0,8,2,4528238.71
11,84768,1.2,481,29.5,5,2,4573458.64
3,161685,3.1,85,26.3,2,5,2875861.35
3,19026,4.7,379,22.5,7,2,5460330.53
4,189607,3.4,465,24.2,7,2,4917447.78
7,230162,4.2,345,28.6,3,3,3828306.49
4,35908,4.2,407,29.1,1,1,5005520.46
7,188185,4.7,231,29.3,4,2,3576594.24
14,24610,4.1,261,21.8,2,5,3562196.02
9,182718,4.0,220,16.5,4,3,3174941.33
0,241213,1.9,434,10.9,8,2,4570908.83
11,68185,1.2,480,16.5,2,5,3448576.46
14,77567,3.1,182,28.7,1,1,3304962.64
9,183646,1.5,342,27.6,3,2,3619795.66
8,227123,4.8,245,19.5,7,5,3738011.77
5,238092,2.2,218,19.8,6,5,3137504.36
2,41182,4.4,247,14.8,6,4,4378594.99
12,121136,2.6,493,18.0,7,5,4306545.6
13,136642,2.3,451,23.7,8,4,4278905.64
7,233862,4.7,292,16.9,3,1,3751437.52
8,24288,2.5,328,12.1,3,1,4100273.96
5,83824,2.6,342,19.9,8,3,4851387.42
10,165949,1.4,258,13.0,7,4,3010180.01
6,89425,3.7,375,29.4,5,5,4604197.91
0,5917,2.2,447,16.6,4,3,5356431.37
13,80602,3.3,159,28.0,6,3,3311580.91
4,231112,3.4,412,13.0,9,1,4710807.8
4,69575,3.9,331,12.2,6,5,4529464.01
9,77518,4.0,225,21.6,8,4,4162860.59
13,44104,3.1,269,25.1,1,1,3655653.49
3,154134,2.3,124,20.5,6,3,3421489.68
5,21999,4.3,323,13.1,2,2,4287274.59
6,197917,2.2,242,8.8,3,3,3156363.39
8,146013,3.0,269,21.6,6,2,3716923.88
0,66169,2.6,472,10.9,2,1,4990786.68
14,159542,4.4,171,15.5,4,4,2881461.68
5,134744,2.7,354,22.9,6,5,4239178.93
6,115684,2.5,220,10.2,5,2,3533603.39
2,64821,3.8,180,10.8,6,5,4121822.77
7,222741,3.4,485,9.4,6,1,4607483.17
14,180507,1.4,335,29.9,8,1,3783164.21
4,140601,3.0,160,16.5,9,1,3906149.76
14,219127,3.9,246,27.9,5,4,2930807.19
8,17192,5.0,300,14.5,6,2,4566355.46
4,79102,3.5,98,24.6,6,5,3679057.25
8,208834,2.5,370,12.8,6,3,3800357.65
9,239538,1.9,264,19.0,2,1,2889469.83
3,119894,4.5,376,26.1,4,5,4729032.64
8,91795,4.3,308,26.0,1,5,3810536.22
4,170159,1.9,426,25.5,1,4,3995342.89
9,71677,1.8,453,26.1,1,2,3854148.18
8,140699,3.9,336,12.7,7,4,4259474.57
2,192613,2.3,283,18.6,1,4,3549084.55
14,248877,2.2,151,18.7,6,5,2610706.38
3,204298,1.6,197,27.6,2,2,3120315.88
8,241699,2.1,331,14.5,6,2,3478924.03
9,139327,2.7,136,28.5,6,2,3355658.57
10,193505,3.9,131,17.9,3,1,2918868.7
5,141285,2.3,202,22.7,8,2,4125624.97
1,107412,2.3,206,13.9,4,5,3553014.31
6,24404,2.1,97,17.0,7,1,3574729.46
1,121545,2.9,280,23.6,4,3,4157032.59
10,161452,1.7,274,19.3,1,4,3085687.46
1,227128,2.9,322,28.5,6,2,4479195.46
10,155245,3.8,107,24.2,5,3,3314897.88
0,189099,1.1,112,20.4,9,2,4011962.52
10,28989,1.0,186,27.5,9,4,3505110.81
10,113106,1.3,474,22.6,8,5,4511411.08
11,29519,3.1,259,22.2,7,5,3859932.35
10,27439,4.4,115,13.4,2,4,3007536.75
2,123570,1.0,235,16.7,8,3,3679847.58
5,213021,4.7,374,23.0,3,1,4727191.97
7,19995,1.4,272,27.6,6,1,4334320.24
8,28559,4.4,302,14.9,7,2,4554008.71
6,246959,2.9,314,12.7,6,4,3700913.18
3,94049,3.6,278,21.1,5,4,4023006.62
5,141093,3.0,317,9.5,4,1,3963063.87
4,103000,2.9,364,23.7,2,3,4130212.17
7,157191,4.3,396,23.5,9,4,5035762.58
0,187611,4.0,452,15.8,7,5,5259085.31
0,230907,2.9,227,27.6,7,5,4114846.75
12,44350,1.4,474,19.0,4,4,4222054.47
14,182295,1.5,70,22.2,5,3,2028634.87
10,30517,4.2,286,12.6,6,5,4144992.22
5,214725,3.1,485,17.2,2,3,4054917.51
9,158322,2.9,318,27.0,4,1,3666909.44
11,220558,3.7,461,12.7,4,2,3993003.83
1,218967,4.4,138,16.6,4,1,3745628.41
4,94132,3.5,99,15.0,7,2,3788324.28
0,227138,4.1,184,11.3,7,5,3603532.75
6,202870,4.1,77,14.4,7,2,3010654.19
0,190271,2.4,438,13.1,7,2,4751954.93
3,64546,2.1,344,28.3,2,4,4083400.32
8,110686,4.2,384,24.3,5,2,4686244.63
0,93151,2.5,483,15.0,2,4,4615617.65
3,8327,4.6,404,24.8,5,2,5702664.31
5,125318,1.3,105,8.5,6,4,2909900.03
5,165840,1.2,380,19.6,3,5,3630441.02
11,200490,4.7,113,13.5,6,5,2696930.65
14,230458,3.6,224,10.5,5,2,2661956.72
12,178860,2.5,146,27.4,4,3,2700282.41
7,120945,4.0,147,12.4,9,5,3564338.95
0,218456,3.7,170,26.1,8,1,3982357.7
6,51830,3.1,99,17.1,7,1,3910754.95
0,57446,1.4,108,8.3,1,4,2820379.05
12,241150,4.2,308,24.1,9,3,3968942.04
13,151232,4.5,82,21.1,9,4,3227134.78
6,192655,1.7,191,15.6,6,2,2983208.35
2,170070,4.4,213,14.2,7,5,3979082.64
10,163302,4.5,241,9.6,3,3,3106649.04
7,145148,3.2,437,28.7,5,4,4600195.81
2,74341,3.6,316,18.9,7,4,4731854.53
13,36085,2.5,316,9.9,1,1,3362652.64
13,60571,2.1,480,27.1,1,2,3959761.16
12,150787,3.9,114,14.1,5,4,2964294.51
0,133308,4.4,322,12.5,9,1,5060901.62
12,10750,3.6,444,14.2,7,3,4493147.93
12,118931,3.0,360,20.4,1,4,3297563.2
13,83768,1.6,276,9.6,5,1,2963630.17
7,40903,1.2,481,18.6,8,2,4808139.13
2,208561,2.8,76,27.7,8,5,3241458.92
1,168165,1.2,311,12.1,2,3,3671191.74
0,96036,3.3,179,15.3,7,4,4227226.13
13,92954,2.5,183,16.7,5,1,3165537.08
2,170386,4.0,376,20.9,9,4,5098410.13
14,184297,2.2,371,28.2,3,5,3063348.53
1,224057,3.4,345,16.7,1,4,3898077.03
1,88014,3.2,165,9.5,4,4,3448757.52
5,171251,1.0,363,15.7,7,1,4002220.2
11,122305,1.3,258,12.2,1,5,2653262.78
0,248489,2.2,429,22.3,2,3,4121268.48
1,161410,4.5,357,8.6,5,1,4947758.07
13,228507,1.6,223,14.4,9,5,2758273.62
5,205753,3.8,127,20.0,1,5,2934859.27
2,37101,4.9,492,14.1,4,4,5390517.75
14,7775,4.2,473,20.1,3,2,4615925.05
3,116497,2.0,407,10.5,5,2,4361254.3
0,233255,4.6,119,28.7,5,3,3831306.82
7,50619,1.4,276,14.4,2,4,3629140.19
12,181910,2.9,121,28.3,5,2,3106243.66
6,155611,4.6,411,15.2,9,1,4990091.69
6,238346,3.6,440,25.2,5,3,4386611.2
2,62124,2.7,219,13.4,2,4,3684253.87
9,70149,2.2,122,22.7,7,1,3550366.06
9,31616,2.5,282,15.1,6,2,4277824.8
2,215727,3.0,135,19.2,7,2,3783710.41
13,226767,2.3,301,22.8,8,2,3429685.4
1,190639,4.9,442,21.0,5,2,5213534.17
11,173171,4.7,368,20.7,2,5,3752845.47
0,211903,4.5,407,9.4,7,3,4802426.02
6,236318,2.7,220,13.5,7,3,3541577.65
6,66799,3.8,274,20.6,8,2,4191500.41
11,95221,4.6,389,8.4,7,3,4555256.4
1,119879,4.4,324,13.5,7,1,4992643.29
6,30479,2.7,206,13.0,9,1,3972594.18
12,182244,1.4,438,13.5,8,3,3703502.73
7,104165,1.3,204,19.8,2,2,2794622.53
0,60863,3.3,494,20.8,2,4,5393927.43
8,178115,3.6,123,28.0,7,2,3326908.63
6,87569,4.4,134,16.5,3,5,3499322.52
2,238510,2.2,71,28.4,1,4,2742352.5
7,246179,1.7,201,22.3,9,5,3207862.37
6,151480,2.5,403,28.1,3,3,4099374.2
10,194052,2.4,101,26.3,1,5,2315258.81
14,219028,1.5,425,23.1,6,3,3571729.88
12,21351,3.7,455,15.8,4,5,4519382.66
7,140203,3.0,429,13.3,1,4,3718895.1
5,49825,3.9,312,12.9,4,5,4357389.85
8,16349,2.4,261,28.9,8,2,4602605.03
14,197003,2.3,211,29.1,7,3,3034975.79
4,49254,2.9,217,23.9,1,1,3707340.39
2,43225,4.5,158,27.4,9,5,4520832.19
2,240455,1.2,118,28.2,6,3,3013615.47
0,17453,4.2,205,19.3,2,1,4406015.63
11,154886,2.5,260,21.8,3,3,3061622.25
14,154335,4.4,499,17.2,7,3,4621471.18
7,82694,4.2,218,17.2,3,1,3953421.71
1,20735,2.4,156,8.8,3,1,3711944.84
2,151902,3.8,485,17.5,5,4,4707622.49
7,52893,1.6,77,22.8,3,5,2825774.91
13,180745,4.6,292,17.3,3,5,3051996.02
7,132006,2.6,426,27.2,5,3,4501420.29
13,225534,2.8,85,15.3,5,2,2327678.21
10,50066,3.8,365,10.9,9,2,4597956.48
3,236387,4.3,175,25.9,1,3,3450063.88
3,139445,1.9,352,22.8,1,4,3868199.76
4,146407,3.6,173,13.3,9,1,4128431.3
5,159813,2.6,430,19.8,5,3,4548714.17
4,15692,2.5,215,16.8,4,5,3733000.8
13,183367,3.8,104,28.7,2,2,2566381.59
14,50541,2.5,182,21.4,9,2,3718960.49
6,170129,2.4,377,11.5,6,2,4198397.52
1,71983,4.3,468,19.0,9,4,5644596.76
6,155655,1.4,122,27.0,5,5,2607474.24
9,158837,3.7,416,22.8,4,4,4244295.25
6,195359,2.0,150,26.5,7,1,3494309.17
0,159978,1.1,173,13.5,5,3,3200707.2
6,125747,1.7,391,27.5,8,3,4397978.4
4,90103,3.4,438,24.6,8,2,5221516.74
2,215747,3.8,311,24.0,2,2,4128607.81
12,182597,1.1,100,15.6,5,1,2706745.43
2,174302,1.1,386,27.5,8,4,4639250.9
3,155592,4.6,261,22.0,3,5,3768957.73
12,221310,1.3,426,26.7,7,1,3839138.07
11,188006,4.6,430,15.9,3,3,4028302.06
1,30566,1.9,302,11.2,6,3,4491670.24
1,78193,4.0,167,15.3,2,4,3631049.22
0,239296,2.2,103,18.0,6,1,3427791.59
14,166206,4.4,312,19.7,6,5,3519925.39
4,146417,3.8,128,19.2,8,1,4012189.13
3,126015,2.6,328,20.0,5,1,4393324.05
10,177257,1.3,86,26.5,1,4,2400543.99
9,229021,3.9,147,11.7,8,5,3215260.26
14,135956,3.5,275,15.0,9,3,3894215.17
1,75744,1.0,371,27.5,1,2,4090618.99
2,38455,1.0,235,20.3,5,5,3739320.65
6,164090,4.2,360,20.8,6,3,4504806.25
6,59219,2.0,454,18.5,4,4,4290833.75
11,50991,3.5,181,20.1,2,5,3269334.55
3,78616,2.8,482,12.4,5,5,4841723.5
4,92438,4.5,457,20.0,4,3,5225675.33
4,121841,4.7,386,29.9,7,3,5215325.34
5,145558,5.0,422,20.5,6,1,5095555.46
13,174934,1.6,214,9.0,3,1,2535796.06
8,63870,4.5,225,25.5,9,5,4235561.88
1,91694,2.1,247,16.7,4,2,3887163.45
4,242068,3.4,415,11.4,5,4,4280095.9
11,48856,3.0,205,27.0,3,3,3538634.88
2,106407,1.1,487,12.4,8,1,5217889.55
3,236816,4.7,384,28.3,7,4,4694200.87
9,222127,1.3,87,17.7,7,5,2549507.32
5,36379,3.8,420,24.3,8,3,5282876.6
11,69729,4.1,224,20.0,7,3,3991803.15
7,164450,4.2,341,13.6,3,1,4244380.01
0,241500,1.5,335,22.8,3,2,4188155.8
9,59353,2.8,429,29.1,2,3,4509304.1
13,186068,4.3,401,24.9,1,2,3783718.43
7,19031,2.2,475,21.3,5,4,4862550.6
10,216144,2.9,85,29.8,4,3,2827919.09
13,70982,2.1,81,13.8,2,3,2392539.21
6,41683,2.9,144,9.4,1,2,3104063.44
0,119091,4.6,281,8.7,3,1,4527445.27
1,122797,2.8,248,23.6,6,5,4347155.33
2,153690,3.2,198,26.3,2,4,3873294.5
0,11587,2.6,352,22.0,7,3,5130559.47
13,67790,2.8,264,27.9,7,1,3767616.14
8,36480,1.1,337,23.4,3,3,3550608.68
7,234602,2.1,99,16.2,1,4,2292539.64
1,156599,2.7,78,12.0,9,5,3218188.21
12,28569,3.5,378,28.3,5,3,4458799.06
8,16151,2.8,379,10.3,2,2,4287698.62
6,207166,2.4,234,19.9,8,1,3760525.19
8,195246,2.6,262,14.9,4,5,2929370.48
5,49739,2.0,495,14.0,7,3,4811791.8
5,37954,4.7,374,22.2,5,5,4723165.54
10,249056,3.1,329,13.1,3,2,3254723.52
13,248935,1.1,261,28.2,8,3,3228817.11
3,114373,1.1,148,16.9,2,5,2872144.52
9,171375,4.9,248,22.9,1,3,3806369.68
9,39700,1.9,160,24.0,5,3,3519031.89
12,229108,4.2,284,23.0,4,5,3313998.09
12,128728,1.2,148,27.9,7,3,2939582.39
1,203640,4.7,484,13.1,9,2,5412929.92
6,71788,4.5,172,9.9,6,5,3773529.86
4,76045,3.3,180,9.2,1,5,3315218.67
10,173914,1.0,383,27.3,8,2,4047939.93
5,149972,2.0,316,29.4,2,2,3750292.68
1,132992,2.6,303,14.7,4,2,4016735.65
4,85059,2.8,151,23.3,3,3,3791707.86
9,6881,2.2,201,8.2,6,3,3627494.19
3,169109,1.1,304,12.1,2,4,3371498.4
8,137702,3.4,347,23.2,5,3,4220852.15
5,25789,3.1,456,9.4,9,2,5450837.35
1,131083,2.1,404,18.3,3,4,4265071.02
0,93059,1.2,168,22.6,2,2,3488375.42
4,219566,5.0,107,24.9,2,1,3269926.83
8,51151,2.9,230,18.0,9,5,4007468.6
5,184992,4.0,186,21.9,6,1,3766132.58
9,114388,2.8,310,19.9,2,2,3478379.96
11,203303,1.2,95,9.2,3,3,1701138.28
6,216429,2.2,205,24.3,1,5,3049918.5
4,8262,2.3,119,11.8,2,3,3212032.51
9,71981,4.4,363,8.7,2,3,4101570.29
5,125951,3.6,463,17.9,2,5,4435100.76
4,128099,2.1,367,27.0,7,5,4491286.92
10,86972,4.9,362,11.3,3,1,3948057.61
8,80485,2.3,223,8.3,4,2,3298562.05
14,59722,5.0,289,10.4,2,3,3726765.19
5,94499,5.0,209,16.0,5,2,4463963.17
10,186890,1.8,118,20.8,9,2,2982652.74
7,166004,2.3,211,12.2,9,4,3485599.21
1,11901,2.9,115,25.6,7,1,4490259.33
11,122473,3.7,232,24.6,8,3,3931690.22
12,235095,3.1,354,23.3,5,5,3432660.64
8,13597,4.9,337,18.7,5,5,4550026.28
4,134631,3.9,185,16.0,3,2,3562535.53
6,68909,1.8,151,16.3,6,1,3434955.31
9,77391,1.4,113,19.1,1,1,2678133.05
12,220286,3.8,263,9.7,3,3,3018140.97
0,144335,1.6,327,23.0,2,3,4063300.85
9,68293,4.2,342,15.7,7,2,4431800.86
4,248896,2.2,463,12.9,9,2,4804701.6
11,161877,2.3,343,14.1,4,2,3238676.89
13,227751,1.0,347,12.0,7,4,3124189.43
9,16874,3.8,152,27.8,8,1,4107388.0
13,229137,1.5,127,11.7,2,2,1786205.33
1,91402,4.1,122,27.4,7,1,4314069.85
11,19079,3.0,70,20.6,3,5,2533021.51
5,185922,4.1,285,27.1,8,5,4349875.18
10,77779,3.3,386,18.4,6,1,4702835.65
0,100408,1.3,297,28.4,3,5,3920134.31
2,145090,4.1,323,12.7,8,5,4917859.71
4,125606,1.3,228,20.2,3,5,3133052.81
3,185572,2.9,356,10.8,9,3,4407798.55
2,125062,1.7,135,17.8,3,3,3391785.67
9,17100,4.0,472,20.5,1,1,4584631.15
12,62021,4.6,378,21.3,2,1,4219444.07
4,155872,3.2,164,16.0,4,4,3602241.78
10,133126,3.1,322,9.7,2,3,3215283.59
7,199472,4.1,219,22.4,4,1,3750166.82
10,97446,1.0,92,18.7,4,3,2592749.92
3,34437,4.7,313,11.0,4,4,4281278.52
0,239196,1.8,284,28.6,1,1,3609076.96
10,212609,4.9,468,29.0,9,1,5458396.67
6,182747,3.9,479,26.8,7,1,5155328.31
7,156014,4.1,200,26.6,2,1,3656533.22
2,25862,3.6,412,10.2,3,2,4917104.4
5,16669,2.9,217,29.9,8,3,4784913.15
1,126219,3.3,450,16.8,7,3,5001276.51
6,189844,1.2,178,11.6,4,3,2690699.07
14,20916,3.5,109,25.9,4,4,3015138.69
7,15878,3.5,190,13.0,9,2,4320726.1
5,7985,4.6,364,19.6,5,3,4997101.26
5,233977,3.0,189,10.8,5,3,3203367.55
4,209720,1.3,87,18.4,7,1,2936012.02
7,46235,2.2,238,20.3,1,1,3644861.66
0,23931,3.6,267,17.8,3,1,4337365.5
9,97876,2.0,480,9.5,2,3,3916738.41
3,5336,2.1,212,18.7,6,1,4137314.75
14,47933,4.3,106,18.3,6,3,3043515.59
3,220971,3.3,255,13.8,1,4,3030986.94
2,50536,3.0,330,28.3,6,4,4827769.42
2,74504,2.3,300,17.2,2,5,3952927.12
3,104214,3.9,323,27.0,4,2,4681866.7
10,187220,2.2,398,10.4,6,1,4003535.25
0,118936,3.9,460,15.0,3,1,5287514.22
13,21279,1.3,366,11.9,3,2,3246768.97
10,204737,4.5,79,17.0,3,2,2811428.69
12,108751,3.0,479,10.5,4,5,4034620.91
10,109433,2.8,393,17.7,9,2,4528904.73
1,76386,3.4,299,15.8,4,3,4407262.51
8,91124,3.5,93,12.9,4,1,3079568.95
9,110750,1.5,147,22.1,4,2,3046432.28
1,82485,4.0,494,28.9,7,3,5614987.03
4,79055,2.1,262,12.6,5,2,4093263.35
8,96911,4.6,470,23.7,2,3,4638117.64
8,103618,4.3,178,24.3,7,4,3563451.81
7,213345,2.4,349,19.0,3,3,3589856.26
0,202742,4.2,480,27.7,1,5,4596663.01
0,212546,2.4,332,29.3,9,3,4512131.95
8,190100,1.4,398,16.0,5,2,3886269.56
12,226094,4.8,432,22.3,1,4,3898422.91
10,118892,3.6,424,22.6,1,4,3959970.96
7,227704,2.8,447,16.9,1,3,3480465.36
9,242723,2.6,337,15.0,9,2,3952543.88
8,76128,2.3,410,28.5,8,4,4625183.8
6,154180,4.9,328,25.4,6,3,4759199.33
2,57495,1.5,404,10.5,6,3,4886084.83
2,87806,2.3,154,10.6,6,3,3419941.4
1,98185,2.9,79,28.3,4,4,3888832.59
4,212605,2.9,358,9.8,5,1,3839446.89
11,235097,2.9,371,23.1,3,2,3446454.39
11,192902,1.7,128,13.0,3,5,2288238.06
2,210712,1.6,377,8.8,7,5,3877616.49
13,188581,2.0,331,9.3,5,2,3055757.02
5,202478,4.7,455,16.2,8,1,4855598.87
1,230292,1.5,354,9.7,5,2,3700275.93
11,175591,4.0,188,21.1,4,3,3049576.01
2,54649,4.0,237,22.2,3,2,4463213.14
4,170596,4.2,422,16.2,2,2,4706989.23
11,232565,4.5,258,24.3,3,4,3155017.29
10,169957,2.1,320,18.8,7,5,3500013.13
10,180441,1.9,393,17.5,8,5,3706096.34
0,237204,2.9,482,17.0,5,3,4534154.51
12,100402,2.1,298,17.5,1,3,2872464.97
0,35676,3.9,259,29.3,3,4,4409146.04
9,69093,3.5,385,23.0,4,3,4350208.05
8,183836,4.5,193,14.9,4,1,3399726.82
6,186871,1.3,153,24.1,1,4,2520300.06
0,84414,4.7,366,15.3,9,4,5415779.21
14,241368,2.2,284,10.8,4,2,2716018.95
11,98095,3.0,306,18.5,2,2,3362528.79
13,248154,2.8,182,24.5,9,1,3338629.57
7,77307,4.0,286,16.3,4,4,3703378.57
2,218134,2.7,390,27.1,4,4,4162007.6
7,100432,4.8,315,16.5,6,2,4758529.81
14,36923,4.6,404,15.7,8,5,4559806.11
4,122449,4.5,388,30.0,5,5,4544918.44
0,237811,1.3,473,18.6,8,2,4554069.6
6,240998,4.4,443,25.7,1,3,4165516.66
4,214460,4.1,106,25.7,4,4,3171127.31
5,52574,1.4,133,28.4,1,1,3338638.68
5,179463,1.4,288,9.9,3,5,3303723.35
7,126757,1.4,411,14.0,7,3,4108386.7
8,58664,1.0,458,24.9,1,4,3983706.32
1,72384,3.2,103,20.4,5,3,3621963.02
8,36027,4.9,108,20.3,1,4,3276743.99
11,171536,2.8,136,11.7,6,4,2585137.04
14,39485,3.2,278,14.2,9,2,3996201.86
10,155528,4.9,387,19.5,3,2,4111944.17
9,210867,2.0,413,14.1,6,1,4034744.6
8,40554,4.4,221,12.6,4,1,4140749.12
12,51922,3.2,456,9.9,6,3,4606824.88
9,18409,3.3,434,11.4,2,2,4381186.15
14,205399,2.4,268,24.9,4,4,2992372.5
9,227472,3.2,158,23.8,7,2,3187642.97
6,41639,1.3,317,9.0,6,4,3765956.7
0,236182,4.1,392,12.5,9,2,4769836.58
6,199699,2.1,148,20.3,7,4,3199190.17
9,219496,4.6,354,15.1,1,3,3284430.31
4,24692,2.5,399,26.1,6,2,5134366.98
5,94037,1.6,101,25.3,3,5,2855568.57
9,214912,3.8,156,27.6,8,5,3323361.96
6,190272,1.7,108,20.4,1,4,2504283.03
13,229135,4.0,462,15.7,2,3,3431026.39
14,193487,4.9,170,21.3,3,4,2817738.42
4,23074,4.1,313,10.0,3,3,4617542.73
6,151621,1.1,301,8.2,7,1,3677554.92
8,34963,3.4,467,8.4,8,2,4842641.63
2,227528,3.8,137,17.0,9,3,3742433.47
7,232434,4.3,261,13.0,7,4,3912034.47
1,237679,1.2,473,11.5,8,1,4542696.38
10,57265,2.9,97,21.5,6,4,2929718.01
6,21061,3.1,339,29.9,2,5,4189283.81
12,194298,1.7,497,11.9,1,5,3128894.57
1,164882,2.3,295,20.0,3,2,3640914.61
14,196078,2.8,146,10.6,9,2,2981816.74
13,118502,4.3,292,28.6,7,1,4332701.26
3,27800,4.7,441,14.4,2,5,4975451.45
6,121192,3.5,236,27.3,1,3,3743946.42
2,245031,2.6,353,14.2,2,5,3536952.44
1,112228,2.0,261,25.7,3,2,4235579.17
10,211548,4.9,158,12.6,6,4,3074102.71
9,205532,4.9,101,14.4,9,1,3505481.35
6,193839,4.7,206,12.2,8,5,3644932.76
0,33054,4.1,225,13.8,9,3,4665520.87
13,211391,2.3,319,26.4,8,3,3486448.82
14,238861,4.3,164,22.1,7,3,3349299.55
7,181469,2.6,86,16.9,6,1,3241096.51
2,18233,2.3,186,29.4,8,3,4560569.17
11,247277,4.0,402,18.2,6,3,3884886.18
11,226092,1.3,380,29.3,2,5,3057536.99
12,161140,1.2,79,12.3,9,1,2900074.85
1,70727,2.8,149,27.9,9,4,4309666.01
2,95610,2.8,203,8.3,3,4,3662267.67
4,75453,4.6,272,20.0,9,3,4756582.97
10,109135,1.5,185,17.3,2,2,2757497.58
7,161904,1.5,289,19.6,3,1,3571388.42
9,113464,1.6,322,20.2,6,2,3718297.52
6,222314,1.1,238,16.6,4,1,3164298.48
6,18682,1.3,404,30.0,8,1,4878905.41
11,228370,3.6,385,29.5,1,5,3541917.32
6,159455,2.7,274,29.2,6,3,3872085.54
14,63160,4.1,367,29.5,2,5,4121904.78
7,229404,5.0,441,25.4,6,2,4777151.67
0,28666,3.6,317,29.7,1,2,4861675.68
3,63817,1.2,434,27.6,2,4,4401449.86
12,96198,1.4,140,17.2,9,5,2876200.45
5,246767,4.5,225,25.3,6,5,3825344.6
8,170714,3.1,171,28.1,8,5,3684428.22
12,46830,4.3,82,23.7,7,4,3149756.96
1,239139,4.4,340,17.3,9,5,4653738.31
0,15234,4.7,361,9.4,9,5,5379084.47
12,62616,4.8,289,25.8,4,5,3970617.66
9,14221,3.2,84,29.0,7,5,3707414.18
11,147482,2.4,307,16.0,5,2,3639995.66
13,216127,4.8,186,11.3,7,3,3342616.4
1,197485,3.2,400,15.2,4,2,4521010.44
6,6051,1.3,125,20.8,1,5,2832803.98
2,115529,3.6,420,15.0,4,1,4502693.83
9,211373,3.4,201,21.4,3,1,3395179.4
1,81918,4.6,295,29.3,9,4,4826726.06
13,83116,3.6,377,22.8,5,2,4406787.43
10,127226,2.4,463,16.0,4,4,4173461.15
6,192635,4.9,291,28.6,8,4,4752377.99
12,233931,4.2,242,20.4,5,1,3418063.73
12,49757,3.5,409,10.8,3,2,4163774.01
1,126008,2.2,354,19.0,2,3,4121186.9
2,213547,2.5,378,22.4,8,2,4628727.72
10,187329,3.7,226,26.4,2,4,3035302.91
6,231572,1.3,220,28.6,8,5,3330670.9
13,136379,2.0,254,15.0,5,4,2864886.69
3,61889,3.9,247,11.4,8,2,4572266.59
12,204967,2.9,90,9.6,5,1,2457251.87
13,231256,2.6,181,24.2,1,2,2418205.69
0,40944,1.6,240,25.5,2,3,3994123.56
12,104555,2.8,207,17.0,6,5,3080625.3
13,43134,4.1,302,16.7,3,5,3711030.13
4,163395,2.1,401,29.0,8,4,4674051.56
11,207834,1.0,99,28.2,5,2,2476938.81
8,223297,3.7,450,13.1,3,1,4001341.73
7,232579,4.9,376,25.2,7,3,4627263.01
11,30954,3.4,230,21.7,8,4,3860069.14
14,191093,1.5,471,11.4,4,2,3433306.13
8,94959,2.3,147,15.8,9,1,3657884.83
9,231999,4.5,347,11.9,6,2,4143026.33
13,215938,1.9,389,14.5,1,1,2906512.36
8,206499,3.4,90,21.5,5,2,2796704.15
14,9992,2.6,454,16.3,5,2,4054089.75
6,6961,1.8,432,16.7,7,4,4827548.73
3,17497,4.3,441,19.9,7,2,5533417.65
4,168623,4.0,449,9.9,6,2,4862292.85
0,212456,3.6,212,24.3,8,4,4253868.18
13,191827,1.9,105,16.8,2,4,2086723.9
0,18255,1.4,372,18.6,7,5,4794450.88
2,140639,3.3,283,29.4,7,5,4328687.68
12,53847,3.2,101,15.6,4,4,2867261.03
13,240889,1.8,255,22.3,2,3,2608016.42
7,184075,1.2,243,16.6,4,1,3142522.18
13,25389,1.3,123,27.7,4,4,2788958.06
1,180595,5.0,230,26.6,6,5,4145463.69
3,128802,4.1,319,13.3,7,2,4436220.18
1,66576,4.7,320,23.2,3,4,4485205.94
13,48919,1.8,492,9.4,1,4,3769526.72
4,218175,4.8,348,29.2,3,5,4340469.73
8,8358,1.6,240,15.7,9,5,3694589.19
0,93535,3.0,252,26.3,1,3,4096062.03
4,243966,4.3,71,15.0,8,5,3258176.16
13,212596,2.4,263,21.9,2,5,2584816.27
14,110982,2.7,235,29.6,6,5,3537286.34
8,233129,1.5,316,27.3,3,2,3115542.27
14,10698,1.5,482,11.5,7,4,4191772.14
0,71809,3.5,313,20.0,2,4,3969737.26
8,98079,3.7,179,15.7,4,5,3375107.08
7,60805,4.1,449,17.6,9,3,5145796.21
3,167421,3.2,392,15.4,6,5,4106380.29
11,212849,3.6,140,15.4,4,3,2799554.49
10,186320,1.1,233,19.9,2,4,2586010.61
9,80033,1.6,354,12.2,9,3,4100854.49
4,243483,4.9,444,19.8,4,3,4793666.76
12,103239,1.3,490,14.1,9,1,4388598.59
4,135407,3.7,182,14.4,2,3,3520371.89
10,49041,1.7,297,24.3,7,3,4079772.01
11,36954,3.9,370,8.7,5,2,4177262.78
5,13002,3.8,85,16.4,8,4,3862264.22
6,74783,1.9,100,17.0,8,5,3524462.48
7,112524,2.1,231,18.7,4,1,3403459.3
14,223306,3.6,375,22.7,4,3,3601821.62
13,129857,2.6,262,16.1,8,2,3567245.67
7,24738,1.8,279,12.7,3,2,3906888.71
10,15703,3.9,447,27.5,7,5,4980330.86
13,118776,1.6,301,29.6,8,5,3692534.96
12,185494,4.4,496,8.4,8,4,4245440.19
1,219178,3.1,253,20.0,4,3,3500841.1
8,197971,1.4,84,15.5,9,2,2699201.16
6,148464,3.8,374,14.1,4,1,4259876.14
3,49724,3.1,278,15.4,8,4,4468701.92
3,37299,2.2,241,22.1,6,3,4393444.86
10,20641,2.7,335,12.2,5,5,3838128.73
7,84534,2.2,89,28.1,4,3,3113471.93
3,11305,2.1,139,18.3,5,5,3635519.14
12,234334,1.7,77,15.2,1,3,1614272.72
14,23782,2.5,498,24.8,7,1,4829908.14
5,83257,2.0,103,8.4,8,4,3435903.16
4,241371,3.7,293,17.5,9,5,4151265.68
2,82963,3.7,248,15.8,3,1,4305092.1
12,248158,3.0,315,15.4,9,2,3686509.05
13,126987,4.1,329,15.4,5,1,4131107.62
9,156638,4.4,177,8.7,6,1,3352725.98
10,129591,3.3,311,11.3,1,1,3823819.61
1,72766,3.5,492,11.1,9,5,5635653.28
8,11511,2.1,93,29.7,9,2,3967687.89
9,119816,4.6,285,8.5,6,4,4102545.17
8,243837,1.1,124,11.7,8,1,2893440.55
0,162249,2.4,95,29.4,4,5,3132736.55
9,9765,3.9,350,21.8,5,5,4249754.0
2,156426,1.3,361,17.9,5,4,4152103.45
7,28929,1.7,396,9.7,7,3,4495349.95
5,164892,3.4,255,22.7,7,2,4270694.3
4,116576,3.2,81,11.0,7,2,3452268.81
4,165595,4.0,198,22.8,5,1,3769621.96
5,76088,4.3,441,29.5,4,3,5065716.85
14,202235,1.5,478,19.7,8,2,4101999.57
6,82525,1.1,277,12.7,1,1,3320949.3
0,18780,3.8,202,21.8,1,3,4171946.5
8,11589,2.2,408,19.3,6,5,4467240.97
2,170884,3.5,265,19.7,2,1,3874546.9
3,98664,1.6,331,18.5,3,3,3851421.63
9,182011,2.9,351,22.8,4,4,4028223.32
0,187565,3.0,438,20.6,2,2,4832095.01
12,109188,3.3,172,29.7,7,1,3790457.35
10,98326,3.1,189,26.2,1,5,3064276.66
9,45953,3.0,252,13.8,3,1,3546435.91
2,70785,2.3,492,24.0,2,2,5082740.33
1,24309,1.3,78,12.7,9,2,3950869.44
1,59195,1.4,114,25.2,8,3,3826743.73
13,30901,2.7,313,11.2,3,5,3213141.9
0,159648,2.4,339,18.4,5,3,4419093.98
7,167580,3.1,181,25.4,3,5,3300447.2
2,210783,2.2,124,14.2,6,1,3216645.08
2,30464,3.8,462,26.4,5,1,5665914.45
5,196353,4.5,84,22.2,2,3,2903825.01
12,21260,2.2,106,16.7,8,4,2976218.09
7,129997,1.8,247,17.3,6,2,3642239.01
12,40440,1.5,196,28.4,3,3,2986521.84
14,100082,3.5,186,12.8,1,3,2760266.89
8,110583,2.8,409,23.3,5,1,4245435.97
8,61683,1.8,141,23.6,2,2,2928395.96
3,129206,3.6,421,28.3,2,3,4813247.8
13,177502,1.6,180,23.7,9,1,3274871.3
4,138059,3.2,218,20.9,7,1,4200179.09
1,161177,3.1,254,27.9,6,3,4232146.75
10,83484,3.9,174,26.2,1,3,3252604.47
8,149098,1.2,216,23.8,2,1,3015991.89
7,73309,4.6,290,8.7,7,3,4708639.2
2,50927,3.8,383,16.2,3,2,4863684.31
10,211486,1.9,420,21.9,2,1,3521050.63
11,193607,1.7,443,19.5,6,1,3987541.93
12,47946,2.7,75,15.0,8,3,2815081.75
8,131503,4.3,329,11.2,8,3,4057924.27
2,192633,4.4,368,20.2,2,3,4568508.1
8,146449,3.1,418,14.3,6,2,4406206.28
1,58592,4.4,111,13.1,5,1,4008985.77
11,143419,1.0,328,16.8,7,4,3429764.83
9,38776,1.1,454,25.3,4,2,4371546.84
8,139855,4.6,340,18.7,2,2,4059073.52
14,60798,4.1,116,12.8,3,1,3113768.15
7,140370,2.8,154,10.6,9,4,3518205.59
8,75204,4.0,243,19.0,8,1,4289950.37
4,91207,4.8,127,25.5,9,2,4128546.96
10,105356,4.1,268,22.4,5,3,3749585.31
10,191233,4.4,278,13.1,5,1,3830569.42
1,65652,4.0,317,17.6,7,1,5289358.64
7,170556,1.7,280,26.8,7,3,3644640.06
11,234686,4.3,108,11.9,1,4,2106075.2
14,134572,1.8,321,19.7,5,4,3164926.58
5,248767,4.6,200,15.8,8,1,4196359.93
7,25922,2.8,483,10.7,7,3,5000889.3
10,170100,3.7,360,9.1,2,1,3537860.67
4,247533,3.0,319,20.2,8,3,4082231.2
9,156388,1.4,482,8.5,2,2,3689108.18
1,81996,2.2,121,10.3,1,3,3234131.99
5,153040,4.9,443,15.6,3,1,5081902.26
4,35266,4.8,83,9.0,3,5,3434826.78
11,231817,2.3,488,16.8,6,4,4116612.26
12,160072,5.0,225,10.9,3,1,3151373.76
11,150083,4.4,99,15.7,7,3,3504401.84
4,7866,3.4,159,25.4,8,3,4164540.1
12,117669,1.2,460,21.8,3,4,3901770.03
0,10898,4.6,236,17.8,9,1,5307099.21
1,23395,3.2,420,10.0,1,5,4367099.31
7,175091,4.5,138,21.6,3,2,3445894.83
12,239315,4.3,232,11.6,3,5,2783692.9
13,9006,4.3,311,9.7,7,2,4099723.54
12,170465,3.8,452,22.6,5,2,4311215.08
2,15956,2.2,121,28.1,4,1,3666153.48
9,186114,2.3,211,18.1,2,2,2828804.3
2,232271,2.2,132,8.9,7,3,3026022.01
7,142150,1.1,361,27.4,3,2,3759191.54
7,165703,3.3,160,9.5,7,2,3139773.88
1,100676,3.8,221,27.1,7,4,4223825.67
7,126724,4.4,493,16.6,2,4,4455463.93
10,67901,1.6,226,16.0,7,1,3592550.79
12,112227,3.2,378,19.9,6,1,4043830.94
12,205569,1.0,434,29.1,4,3,3645024.91
0,230885,1.4,219,27.8,5,4,3667658.26
5,122192,1.2,397,18.3,8,5,4155303.5
7,177646,3.9,340,23.3,5,1,4487132.42
2,36417,1.3,438,20.8,3,1,4713313.93
7,93020,3.9,138,23.3,2,4,3549169.96
11,88639,2.0,185,26.2,6,4,3218139.39
0,201078,4.5,261,8.8,6,3,4074520.56
10,99881,4.3,73,15.2,7,4,3368570.7
10,247934,4.8,144,29.1,8,2,3376487.6
8,175526,4.5,471,28.9,4,5,4771577.64
12,137659,4.7,367,8.2,8,2,4302116.84
10,126688,4.4,310,12.4,1,2,3524553.05
12,244179,3.8,99,29.9,6,2,2760698.74
8,120584,1.7,212,18.8,6,1,3481311.2
4,190782,2.1,395,20.6,3,2,4166631.26
9,91567,1.9,252,11.7,9,1,3864785.51
3,227820,3.4,85,27.7,5,4,3405966.28
14,80886,3.0,180,13.1,1,5,2347476.39
10,154888,4.5,429,12.2,7,5,4359844.01
5,221896,4.8,270,13.0,3,2,3938411.02
11,34432,2.6,176,28.2,4,5,3101119.14
6,245830,3.0,448,23.5,6,1,4663049.58
4,184689,4.9,231,24.9,8,4,4328402.4
10,77373,2.1,352,16.3,4,2,3854898.77
12,170289,4.2,338,28.0,9,3,4256200.03
9,25884,1.9,224,25.4,8,5,3650003.51
8,10454,3.7,142,24.5,6,5,3738316.62
2,79960,2.0,266,29.4,7,2,4411752.43
14,107421,4.5,312,16.1,8,5,4145882.86
6,243245,3.2,155,21.4,2,5,2823828.39
9,48618,1.7,356,28.0,5,3,4149320.82
9,220020,1.9,328,25.4,7,1,4012600.87
10,198743,3.0,355,20.4,8,2,4061354.17
4,52111,4.8,218,9.7,5,2,4380599.09
13,175685,4.1,424,22.4,3,3,4097576.77
6,221750,3.0,459,19.6,6,3,4403910.01
14,125592,2.4,485,12.1,5,1,4151965.18
1,239000,3.2,495,27.4,8,4,5094496.35
3,64993,4.0,259,15.6,9,2,4946948.46
1,133652,4.1,286,16.5,9,5,4664457.47
13,144920,2.3,485,22.8,6,1,4536832.98
12,83672,3.9,424,18.8,4,2,4358812.57
12,71125,3.6,155,10.0,4,1,3546504.36
11,222516,4.8,285,16.5,9,4,3777879.03
6,122509,4.7,492,10.1,4,2,5046928.3
1,66602,4.2,389,12.2,8,5,5138721.07
12,208117,3.9,187,8.2,9,2,3264882.23
13,242069,2.1,483,12.0,5,1,3459087.12
10,47222,4.4,439,15.3,6,4,4746751.29
0,54223,2.7,484,19.8,3,1,5120190.2
8,246084,2.1,156,28.2,5,1,2970294.89
0,247318,2.5,109,19.9,5,3,3072301.94
7,70333,4.3,230,23.5,2,1,3845327.05
14,188804,1.6,260,15.9,6,4,2659186.9
1,127650,2.8,94,24.5,9,5,3645196.48
11,54420,3.0,489,21.7,7,3,4599564.48
7,80504,1.1,221,18.1,8,1,3838419.97
12,7462,1.8,164,12.3,2,2,2864828.6
2,14460,4.3,492,14.7,9,3,6015288.81
5,104319,4.3,115,21.7,3,4,3367759.14
2,145347,2.2,207,17.4,5,2,3639996.06
13,230285,4.5,357,27.6,7,4,3927965.09
6,149341,4.1,422,13.2,4,2,4601231.98
9,134593,2.7,233,9.6,7,5,3403196.98
8,127672,4.0,481,21.0,8,4,4997925.09
1,202014,4.8,469,27.5,4,2,5316115.46
14,77920,2.8,85,16.0,5,4,2580997.45
11,27553,2.0,87,22.2,3,3,2689612.03
11,160438,4.8,205,13.1,5,4,3475317.03
14,49036,3.4,316,20.3,8,4,3846137.78
13,153441,1.4,317,25.3,3,2,2966124.16
4,147867,3.3,400,27.1,5,4,4583157.67
12,75021,3.0,267,10.3,1,5,3000312.01
5,112205,4.4,70,15.8,2,1,3277338.44
3,204226,3.1,259,22.1,3,3,3643679.95
3,166215,2.0,450,8.8,1,2,4256317.8
3,165497,3.7,363,23.2,9,4,4604727.39
1,93209,3.2,114,19.6,9,4,4066620.65
3,80139,1.9,406,14.3,5,4,4553879.92
10,241304,3.3,454,25.9,4,3,4262240.76
0,10368,4.3,101,14.4,5,1,4453045.16
11,140693,1.1,461,29.8,4,5,3692492.97
5,63829,3.5,187,26.0,5,5,3930833.73
0,134036,2.4,365,23.6,7,2,4821785.26
9,196366,2.2,253,9.3,8,1,3485559.72
5,19719,2.6,260,27.9,2,1,4307432.5
0,34227,2.4,304,25.4,4,3,4891308.43
5,114430,4.3,307,13.0,8,4,4522846.62
9,143638,2.1,285,16.6,7,1,3478226.84
7,17306,3.9,143,13.9,9,4,3760322.66
10,58822,1.4,180,29.7,5,3,3304059.05
1,29042,4.8,172,26.8,6,2,4866508.68
1,151158,3.5,428,28.5,8,2,5228210.68
13,153459,3.8,143,25.4,5,4,2947946.7
14,163114,2.2,489,18.0,9,4,4465344.28
12,94424,2.6,321,12.5,4,1,3556755.99
11,187690,1.9,183,12.6,8,3,3232857.46
3,228122,4.7,448,11.3,3,2,4498592.55
10,154395,3.0,382,20.0,5,1,4230455.53
2,23019,3.5,399,28.2,8,5,5371471.03
3,80426,3.9,408,29.8,7,1,5516217.16
12,45863,2.5,307,14.3,1,4,3566207.16
11,116023,3.9,242,23.3,4,5,3524381.6
6,146355,3.7,148,21.1,2,1,3524596.04
12,154351,3.8,455,18.8,2,3,3848752.29
10,51999,3.0,162,22.6,7,2,3541288.83
0,67780,2.5,119,16.2,3,5,3190794.97
5,27908,1.9,354,28.8,3,3,4187928.98
14,197656,4.3,292,23.5,6,1,3929122.0
14,131278,3.4,150,24.6,6,4,3056885.32
2,118002,2.8,335,13.3,1,4,3859383.69
10,186297,4.8,224,11.7,1,3,3117238.25
9,174024,1.2,442,16.7,6,4,3984457.48
6,105706,4.4,302,24.9,7,2,4763157.9
9,173735,5.0,468,28.7,9,3,5214081.61
1,127019,4.5,385,17.4,4,3,5047350.61
13,114708,4.2,305,25.0,6,4,3751261.78
1,197453,2.5,228,18.3,3,3,3511541.12
12,184001,1.9,474,14.5,4,1,4039036.42
3,14343,3.9,385,24.3,9,5,5506924.6
0,81173,2.2,320,25.6,1,5,4162105.33
2,105260,1.7,383,12.5,5,4,4198282.49
12,175863,4.1,494,14.7,7,2,4695046.12
8,165206,2.3,499,18.9,3,2,4151507.77
6,248438,4.7,370,12.1,2,4,3959488.34
14,183173,4.4,449,28.4,2,4,4152739.43
6,74443,4.4,351,21.0,1,3,4191253.24
12,235183,4.1,171,10.7,5,2,3255200.4
12,62530,4.5,120,12.0,3,5,2762809.81
10,182871,4.2,489,29.0,7,4,4760032.79
3,140899,3.4,121,24.2,1,5,3084256.51
1,101143,2.2,278,24.2,9,5,4491998.89
14,198725,4.6,376,9.6,2,2,3673549.47
13,149771,4.4,200,27.7,8,5,3633846.53
3,238900,2.9,339,17.8,4,3,3773589.11
5,249569,1.2,274,22.5,6,3,3427148.35
10,227491,3.6,288,29.1,9,2,4143508.92
10,119527,1.2,326,10.2,7,3,3642542.48
2,141385,4.7,254,18.6,8,4,4740172.32
0,149670,4.8,214,9.1,7,2,4430898.4
13,116362,1.8,247,19.0,2,5,2837853.46
11,33807,3.7,83,13.5,9,4,3377727.0
7,206495,1.4,315,28.0,1,2,3195500.89
11,205462,3.9,256,16.8,2,5,2800408.81
12,181298,2.4,406,21.9,3,5,3705578.92
4,64550,3.7,328,26.9,3,5,4151523.61
14,216144,2.5,423,29.6,4,5,3555674.89
4,8558,1.6,109,19.1,5,5,3416272.55
10,211380,2.6,158,18.0,6,2,2808756.81
3,55113,1.5,194,9.7,1,3,3361303.58
5,57999,3.3,487,8.3,8,5,4859931.16
2,191950,1.2,420,21.4,6,4,4214197.3
8,172415,3.1,78,9.4,9,2,3268458.56
4,63219,4.5,419,16.4,5,1,4957228.77
2,171258,4.4,153,8.1,7,3,3944272.99
10,173038,4.5,90,21.5,4,4,3060753.49
0,169841,4.7,350,17.4,6,5,4898445.57
9,241495,1.4,427,10.8,6,2,3743671.45
11,58218,1.5,447,14.5,4,2,3945063.91
5,24229,3.2,241,20.5,6,5,4016278.24
14,80209,4.6,94,22.4,8,4,3223866.96
1,32877,4.9,462,18.2,5,2,5204532.14
12,194073,1.2,172,25.7,2,3,2370763.11
2,102137,2.4,259,10.5,9,4,4231820.57
0,43084,1.9,305,9.9,4,5,4152630.83
8,86780,4.0,479,9.0,4,4,4534627.92
7,228964,3.6,382,19.8,7,4,4212612.05
11,152878,1.5,106,23.5,6,1,2809756.24
1,224707,2.9,341,10.9,4,5,3646366.48
14,246249,3.7,362,22.1,6,3,3628746.17
11,42034,4.1,401,18.5,3,5,4190234.68
10,176389,1.1,221,29.7,7,1,3109460.79
7,60468,4.6,351,23.8,6,5,4791819.84
11,155166,3.3,89,22.5,3,5,2477257.95
13,193868,4.2,206,20.5,1,3,2901240.56
8,15589,4.2,428,29.9,5,1,5193089.58
0,62221,1.8,98,29.6,2,5,3086306.49
12,6657,1.4,100,19.8,7,5,2956606.81
4,103300,3.9,88,18.0,7,2,3818561.12
7,122229,1.6,217,18.2,4,5,3307894.72
14,44531,4.4,352,17.4,6,3,4345248.41
10,57227,3.9,419,19.7,1,2,4451566.52
13,8164,4.4,410,14.0,2,1,4437959.91
1,98078,2.2,369,28.4,6,4,4660019.18
3,220045,2.3,232,18.8,2,3,3183660.8
6,46247,3.7,182,26.5,4,1,4181099.68
2,240113,1.1,219,18.5,4,2,3172901.38
12,155673,3.9,399,23.8,9,4,4497456.39
11,230038,4.3,324,15.4,7,1,4167287.02
4,55599,2.7,156,21.7,7,3,3846015.02
7,207617,4.1,468,19.0,1,2,4361394.21
11,140624,1.7,419,16.1,5,3,3681172.58
9,145489,2.3,167,27.4,3,3,3104493.42
2,194651,4.9,466,10.5,3,2,5071600.96
3,243597,4.9,201,18.7,6,5,3966523.4
13,73207,3.1,381,12.3,4,3,3759113.76
14,77055,4.7,476,26.9,8,2,5278394.96
8,107266,3.1,166,13.6,4,3,3190488.74
13,83270,2.2,167,21.9,8,5,3495961.25
13,116426,2.1,359,11.6,4,2,3473585.17
6,139794,4.7,425,16.9,3,1,4769542.51
0,75442,1.7,296,27.8,5,1,4665539.52
13,100632,3.3,214,11.7,5,1,3139516.03
11,176103,3.2,225,22.6,1,4,3073130.93
3,215307,4.0,339,12.5,8,3,4480510.6
3,26438,3.0,231,17.1,8,3,4387801.14
8,63819,2.1,181,19.9,8,2,3636348.96
5,48856,1.7,400,20.7,4,4,4249528.01
8,169648,3.5,254,21.3,9,3,4015013.2
11,46938,3.9,274,22.1,3,2,3708605.37
14,185100,3.3,166,14.0,7,5,2640242.27
5,64807,4.0,446,16.8,6,3,4812355.55
5,54877,1.6,124,8.8,9,3,3409975.83
4,233855,4.5,186,24.9,4,5,3710591.41
4,48461,3.3,162,26.4,4,5,3952806.91
1,98474,1.5,362,12.4,6,3,4439087.05
7,176541,2.8,273,12.4,8,5,3998324.15
7,88136,4.4,351,8.9,3,2,4407317.88
10,25435,4.6,258,29.3,8,3,4628400.82
12,220189,2.1,392,25.8,8,3,3953958.64
0,150263,3.8,153,15.9,7,1,4167029.81
7,89726,1.4,249,18.6,7,3,3528918.38
4,163458,1.1,343,14.4,5,1,3865649.92
1,167793,3.2,250,21.1,2,5,3309931.84
13,59786,3.8,250,23.8,2,5,3167485.22
1,18704,4.2,352,17.8,8,2,5613086.23
13,61635,2.4,356,27.2,6,1,4160708.35
14,138195,1.0,175,19.4,8,3,2656497.92
14,95710,2.9,198,11.2,3,1,3003924.93
5,245909,1.1,331,21.7,1,5,3140427.8
10,67993,1.4,80,18.2,6,5,2912330.73
12,117752,2.3,231,28.6,2,2,3400486.12
8,216194,2.7,250,16.6,9,5,3653601.53
0,233584,2.1,282,16.9,5,1,3721553.5
11,161488,3.3,343,22.3,5,3,4158090.1
5,137886,1.2,90,19.6,8,3,3349349.75
8,83537,1.6,344,16.2,6,1,4203768.69
7,55258,3.8,329,29.8,3,2,4438725.1
10,152580,1.6,402,14.6,9,3,3854783.73
5,90166,3.6,185,14.1,4,1,3694997.73
2,214988,1.2,482,27.0,4,1,4556399.15
7,118710,2.6,94,8.1,2,5,2439234.59
8,40699,1.7,402,12.4,3,5,4051921.41
0,51335,1.4,323,21.0,4,2,4433516.82
11,51806,3.3,480,11.6,7,2,4656082.12
8,82853,4.7,280,29.7,3,2,4328049.84
13,199840,1.2,374,18.2,8,1,3511096.49
14,40739,2.7,390,21.1,8,1,4175523.05
5,39785,3.8,491,11.5,2,5,4807560.23
5,168052,2.9,408,14.4,4,3,4184969.37
11,225407,4.2,326,21.5,8,2,4059801.82
3,236791,1.7,237,20.1,1,4,3191562.33
0,230774,4.8,406,25.3,1,2,4682825.6
9,90016,2.5,90,13.9,4,5,2763831.09
7,137681,2.4,155,22.4,2,1,3107530.72
1,71253,4.5,84,14.4,1,5,3489737.65
11,221553,3.3,119,20.9,8,5,2548996.59
0,96128,3.1,373,21.3,2,5,4344963.35
1,164213,3.9,485,10.7,4,4,4801936.59
0,166081,3.3,374,20.1,3,4,4351341.84
0,132581,1.7,265,8.3,2,2,3534015.05
8,115966,3.7,433,19.0,8,1,4922804.11
12,142854,1.5,370,23.3,3,5,3280586.08
13,228144,4.2,357,9.6,9,3,3851194.07
0,104352,5.0,457,28.7,5,2,5705512.78
12,162005,2.5,314,18.1,9,2,3916153.6
3,82154,2.8,422,28.6,3,5,4518144.38
9,144379,1.2,270,10.4,5,2,3140511.41
5,228279,1.1,262,28.9,6,5,3523072.36
6,242281,4.7,405,10.4,9,2,4523865.33
1,113297,1.5,215,18.2,8,1,4031917.74
5,211946,2.8,379,28.6,2,2,3907217.18
6,43346,4.3,196,13.1,2,2,3734479.54
9,117138,4.6,244,8.8,5,3,3874306.41
13,55772,3.1,203,25.4,5,1,3642268.82
9,208156,3.3,135,21.1,5,1,2955092.35
1,45149,3.7,462,19.3,4,1,5670037.98
14,91700,4.8,434,8.8,8,2,4472552.82
1,163598,3.4,348,22.4,5,4,4246022.55
9,101758,3.2,315,11.8,1,2,3821354.41
6,221784,1.1,432,28.5,5,5,3792620.21
11,133447,1.3,306,23.1,1,3,3027523.51
0,204549,3.3,240,23.6,4,1,4074255.3
7,10695,4.7,120,13.1,1,5,3377678.12
10,44169,4.5,397,27.4,6,5,4440946.72
12,52947,4.9,428,19.8,6,4,4647055.94
2,183296,3.1,222,26.9,1,1,3634596.43
10,50865,4.2,149,14.0,8,2,4021461.77
5,161625,4.4,488,24.6,4,1,4996591.15
8,109501,3.6,214,20.6,2,3,3376386.13
5,65410,2.4,343,9.1,1,1,4038293.93
8,108754,2.9,224,16.9,3,5,3331948.01
6,95895,4.4,468,12.0,7,5,4857708.52
14,160888,2.2,406,15.9,8,2,3960096.91
8,191098,4.7,432,16.4,5,2,4406099.22
1,55705,1.9,394,18.4,7,2,5087369.96
11,197994,4.0,405,21.2,2,3,3769984.48
7,120700,3.5,212,20.6,4,1,3546402.63
7,78914,4.0,367,8.9,6,4,4073259.9
1,6881,2.7,103,24.5,5,1,4008454.26
11,175639,4.7,373,28.9,6,2,4277028.47
13,52365,3.5,461,15.7,2,3,4106461.93
3,84211,2.2,308,12.0,7,1,4407980.13
13,206194,3.6,207,19.9,8,5,2878855.97
14,161078,2.1,323,23.5,9,1,3699785.05
10,46198,2.2,74,22.9,6,5,2917500.83
14,158903,2.6,441,21.5,7,1,4182798.0
6,105649,4.4,245,11.2,1,1,3852787.24
10,152531,3.0,442,26.4,9,1,4941988.78
3,168515,3.7,479,17.4,6,2,5011657.21
3,178388,2.6,283,12.9,4,5,3586154.59
5,232203,2.1,433,9.9,9,3,4269789.25
9,200558,4.8,92,17.2,1,4,2706688.91
5,141949,3.4,387,21.6,2,5,4030476.19
9,44553,4.7,82,22.6,3,2,3254317.81
14,140994,1.8,462,29.2,1,5,3247642.46
2,127778,1.6,310,11.4,2,3,3533540.12
14,122018,4.4,345,29.7,2,5,3611565.51
8,140758,3.7,161,22.4,7,2,3820659.64
11,37766,1.7,177,18.0,6,2,3327529.0
9,216015,2.1,298,27.5,9,4,3791627.56
13,37006,4.2,221,23.3,5,3,3738988.03
10,36422,2.8,177,15.7,9,4,3900206.55
1,121590,3.7,358,27.4,9,1,5400409.5
5,17205,2.3,473,22.7,2,2,4802678.21
11,222662,2.5,245,23.4,9,4,3323214.07
6,159599,5.0,389,27.7,3,2,4433628.96
11,247555,2.0,355,17.9,3,2,3433702.97
12,154515,3.0,433,22.5,9,1,4676497.71
8,152596,4.4,398,24.4,7,2,4713202.28
12,121477,2.0,434,18.0,8,4,4410662.58
2,33202,2.7,310,9.8,7,3,4582249.91
9,201624,3.5,214,25.0,9,5,3513616.0
2,182214,2.9,425,9.1,8,4,4835107.24
6,66692,2.8,83,23.8,4,1,3180775.39
13,218456,2.5,344,28.0,2,5,3000497.4
3,25855,3.3,140,15.6,5,2,3750336.49
12,219819,3.5,384,10.2,2,4,3139640.51
7,196444,3.6,264,13.1,4,5,3411142.51
12,30095,1.3,422,20.4,2,4,3788293.61
6,174796,3.5,369,28.7,5,2,4256783.15
4,54241,4.8,485,19.3,6,4,5722151.02
6,108119,3.2,436,10.5,1,1,3949772.39
2,57003,3.9,80,21.8,8,5,3977426.63
11,204451,3.2,175,24.1,2,5,2657419.76
1,99837,4.4,327,16.7,5,5,4670511.38
5,228068,4.7,450,23.9,8,4,5082195.35
1,233526,1.7,265,15.1,5,2,3194497.36
2,99283,2.7,214,25.4,3,4,3699043.44
5,152044,2.6,289,15.5,6,4,3873058.18
4,128805,2.6,419,13.6,1,5,4227046.52
7,98846,1.5,493,27.3,1,2,4247688.96
8,27927,4.3,243,20.1,8,3,4414858.53
10,125589,1.1,285,14.3,7,2,3594551.74
2,120657,3.1,162,28.6,3,4,3481594.37
11,71630,3.6,329,23.2,8,1,4490476.84
9,109428,1.8,491,12.9,8,2,4607445.78
2,127035,4.6,132,21.5,1,5,3356011.55
2,188419,4.4,98,27.1,7,1,4030699.11
12,235780,2.9,344,23.3,2,3,3523697.29
12,131244,2.6,416,13.4,2,3,3625324.77
5,224932,1.9,354,22.3,2,1,3352468.23
14,222282,3.9,488,21.6,5,3,3970486.48
14,74518,1.5,441,26.1,7,1,4513842.42
0,181355,3.7,139,11.9,4,4,3440503.85
6,86326,4.4,448,23.4,4,1,4880083.76
11,148277,1.9,348,8.6,9,4,3831351.31
0,125243,4.5,300,23.3,9,5,4897970.9
13,225946,1.1,371,29.1,7,5,3365920.53
4,17748,4.7,324,11.8,4,3,4496000.68
14,157169,1.5,241,14.8,8,1,3101784.02
9,139164,3.6,249,20.8,3,4,3433985.07
12,58311,2.0,333,24.1,3,5,3493448.44
7,27692,4.3,252,15.6,7,5,4329121.2
3,129954,3.0,391,22.6,9,5,4883319.06
4,159934,1.5,274,27.8,4,3,3550427.59
3,135035,3.3,493,24.0,4,5,5123767.55
11,226468,2.6,318,23.6,1,2,3091080.46
11,84507,3.6,282,16.4,1,3,3205898.26
13,85152,4.5,228,28.1,3,1,3354696.61
3,206541,2.6,169,14.1,7,2,3547154.35
11,9926,2.2,386,12.5,9,3,4318782.15
7,227371,1.1,181,16.0,4,3,2755807.77
1,8969,3.3,377,22.3,2,4,4786846.94
0,40733,2.6,235,27.0,6,2,5201576.45
2,74855,2.5,105,10.9,6,2,3399805.56
8,46743,1.7,181,25.9,9,2,4066924.01
3,135193,2.7,156,25.9,4,5,3279481.25
9,175948,4.9,252,20.9,8,5,4090299.52
4,112445,2.2,154,24.7,3,1,3688633.21
1,25323,3.4,338,12.0,2,1,4566372.73
3,21428,4.1,234,11.7,9,1,4715835.81
1,39578,4.0,372,27.0,6,5,5140778.69
14,91486,2.3,159,19.0,8,4,2949091.16
1,244649,3.4,307,13.4,9,1,4728645.31
3,69140,4.5,91,23.2,1,3,3484943.06
5,112325,1.1,236,27.6,1,5,3224954.7
6,88829,2.7,284,21.9,5,4,4044346.18
9,11364,1.9,127,15.6,9,3,3683736.3
2,133867,2.6,99,18.6,7,3,3483597.39
2,171421,2.7,471,24.5,7,5,5028344.6
9,136763,4.0,175,9.5,2,2,3277416.98
5,100598,1.4,471,12.8,3,4,4182854.31
12,202539,3.1,399,18.2,4,5,3339433.34
11,181968,3.3,236,21.3,2,2,3306885.22
2,62062,3.0,419,15.5,9,5,5158360.09
12,233338,3.9,223,14.6,5,5,2923615.79
1,215834,2.5,396,8.9,7,3,4501512.37
7,149933,4.8,76,8.7,9,5,3583078.22
4,232909,2.9,266,14.1,5,2,3615476.3
14,249851,3.3,390,19.7,6,3,3768293.24
0,93302,4.3,115,20.2,4,2,4007909.47
2,237782,2.1,87,18.9,8,2,3349724.53
9,68928,1.3,466,17.0,1,3,3835174.73
7,242715,3.8,222,13.6,1,2,2989781.23
3,219303,2.9,333,16.8,5,1,4290792.47
13,46347,4.6,143,11.1,9,5,3232805.02
6,8121,4.9,485,10.5,2,3,5140204.14
9,88793,2.6,214,14.6,3,3,3293549.15
11,33164,2.7,171,29.9,8,1,4158161.44
13,30491,2.6,404,15.2,5,1,4351441.68
13,64222,2.3,404,28.6,3,1,4092862.07
1,159237,4.1,190,16.6,6,1,3988513.04
6,8748,4.0,245,17.7,6,4,4232168.77
4,234653,2.9,132,25.5,5,3,3184502.97
4,31553,1.2,365,10.1,5,2,4506644.7
5,121547,2.2,153,12.0,6,3,3453474.08
12,65380,2.2,84,29.4,2,3,2517604.98
8,49331,4.2,424,19.1,6,3,4950928.37
13,232105,1.4,203,9.0,2,1,2143869.95
5,232916,4.2,190,9.0,3,1,3215379.36
11,125617,3.7,388,28.0,2,4,4025434.36
12,44560,3.9,461,27.2,1,3,4368658.22
14,58865,2.7,197,18.1,1,5,2504265.79
13,182758,3.7,437,11.6,9,4,4323765.8
7,80910,3.4,436,26.3,4,1,4840570.25
6,140747,4.1,357,15.1,5,3,4265305.92
8,202778,2.8,370,17.2,7,1,4367536.56
3,243057,2.9,447,23.0,2,2,4435447.63
1,245093,3.6,249,15.8,9,1,4343960.65
6,82986,1.4,151,21.8,4,1,3057251.15
5,212288,2.7,82,27.5,1,4,2756214.61
0,15068,4.9,93,25.5,8,2,4618782.83
10,59460,1.2,237,16.4,4,5,3067939.33
8,105766,2.3,339,14.3,7,5,3891792.95
8,51418,2.3,139,14.3,3,5,2745904.27
11,31206,3.5,387,15.7,9,3,4747757.92
1,133180,1.4,445,18.9,5,5,4369559.46
2,5287,3.5,158,17.2,5,3,4194242.02
4,27337,1.4,258,10.9,3,1,3655078.02
4,156738,1.4,326,11.6,9,5,3921634.56
14,137233,3.9,286,15.5,3,4,3271568.49
0,105667,2.3,451,20.4,2,2,4785532.78
7,95071,4.9,101,21.0,9,2,4109042.63
11,103064,1.1,210,18.7,9,1,3593891.12
7,174823,2.8,230,24.3,4,2,3713880.24
3,218135,1.5,101,24.2,4,2,2912483.28
12,111511,2.4,381,17.4,6,1,4203513.87
6,225461,5.0,221,10.7,9,1,4049756.26
14,150830,4.6,416,19.7,8,1,4631689.33
14,201852,1.2,329,16.4,3,4,2890978.59
10,8178,3.3,285,11.0,6,1,4322435.64
9,36831,3.6,348,29.6,7,1,4594685.55
2,138248,1.8,354,16.1,6,1,3935011.65
5,108306,1.6,167,21.8,3,5,3161344.15
13,169726,4.6,474,18.8,9,5,4597199.33
9,162699,4.9,99,11.1,4,4,2988465.41
12,188622,5.0,159,9.2,2,4,2721884.51
9,117025,4.2,217,21.8,9,2,4109039.11
11,180982,3.7,213,13.4,3,5,2961941.59
13,95417,2.4,136,13.4,6,4,2831590.44
8,194323,1.7,426,29.1,5,4,3997810.4
0,171494,1.3,127,18.2,2,2,3064858.68
4,16984,3.8,497,8.6,1,1,5092582.29
3,94312,4.1,350,15.5,9,3,4918436.96
7,197458,4.3,348,20.9,3,2,3880368.37
10,88291,4.7,305,15.2,7,3,4110056.68
11,12135,4.5,454,8.6,9,2,5062310.13
0,5320,5.0,422,17.8,9,2,6251706.65
8,239030,2.0,468,10.3,6,1,4109325.41
5,230243,4.1,197,21.6,8,4,3687418.01
3,157756,3.3,406,21.6,9,5,4899077.42
11,191985,2.0,278,8.8,3,2,2751401.41
8,93774,4.9,255,14.4,6,1,4228802.91
10,157961,4.6,238,17.1,5,3,3571053.77
4,231921,1.5,241,20.1,7,4,3251245.12
14,103071,1.1,329,14.5,7,2,3616271.58
4,184971,3.8,274,14.3,9,3,4233093.01
11,146842,3.4,204,29.6,1,2,3125708.83
4,175393,4.7,115,8.9,6,5,3477843.1
0,222034,1.9,78,29.8,5,5,3137665.72
0,114863,1.3,230,9.1,4,4,3577491.38
7,46777,2.0,358,14.3,1,3,3750462.28
11,51250,1.1,409,18.9,4,5,3862978.7
7,78034,1.1,457,11.2,7,1,4538815.24
11,109940,4.7,390,11.0,4,4,4112807.67
14,45130,2.4,175,13.6,1,2,2857541.9
14,218003,2.6,359,29.4,1,3,3296419.77
5,185418,1.1,410,16.4,1,3,3628054.12
11,138609,2.1,157,20.5,5,1,3033364.64
10,220834,4.2,261,23.5,7,5,3718370.92
12,20216,3.5,222,24.3,9,3,4074103.58
3,89149,4.0,380,23.1,8,1,5231698.12
1,8009,2.8,206,15.4,2,1,4075570.22
13,94904,2.2,342,10.5,9,2,3764018.76
1,165399,2.9,218,14.2,4,1,4195160.6
8,150281,2.3,257,12.6,5,4,3270202.06
14,184515,4.4,210,11.0,5,3,3103599.69
4,20029,2.2,200,8.5,4,4,3600873.38
3,203685,3.6,73,28.6,6,1,3631137.96
9,215515,1.5,332,28.3,1,1,3218345.86
12,193069,3.7,95,9.1,2,4,2235814.49
0,107171,4.7,93,11.8,4,2,3685954.17
6,119456,3.4,335,11.1,4,1,4322262.01
2,67559,3.2,298,14.2,8,4,4717556.96
5,69892,4.8,338,12.5,9,4,4701369.22
4,75409,3.5,194,28.8,4,3,4013893.67
4,144707,2.0,241,9.9,6,2,3469807.29
10,38065,2.2,303,12.7,4,5,3424380.61
4,247471,3.8,364,9.8,4,4,4022734.72
0,125544,3.9,472,29.6,9,3,5414461.09
0,112340,2.2,344,28.2,4,5,4574768.9
2,38783,2.4,145,23.8,6,3,4029470.43
13,39152,5.0,377,17.4,9,3,4759526.15
11,63741,1.4,283,12.2,3,2,3387460.87
9,112049,2.6,445,12.9,7,1,4950773.42
3,187574,1.2,227,17.7,7,2,3427393.66
4,34092,4.3,371,24.9,1,5,4793250.95
1,153725,1.4,273,13.8,2,2,3724786.09
7,234071,3.7,218,14.8,5,1,3352069.03
10,235636,1.2,144,21.2,8,2,2881810.26
10,176541,3.7,449,13.2,6,2,4183558.26
13,91483,4.4,298,20.9,7,2,4049159.32
1,126585,2.6,373,16.5,3,4,3971989.4
8,64754,3.1,131,8.8,6,4,3057451.45
1,166050,2.6,127,16.9,9,2,3908604.74
12,92592,2.2,343,28.2,3,1,3853757.38
8,99543,4.2,177,14.4,6,1,3870243.75
6,48169,2.1,256,15.1,7,1,4229419.96
14,184359,3.9,298,9.5,5,1,3411190.86
7,59745,1.8,117,21.5,8,3,3587018.28
14,115168,2.0,388,26.7,8,2,4247960.56
10,118985,2.3,337,15.8,6,2,3899005.7
1,10543,3.4,284,13.3,7,3,4730714.64
6,192464,2.8,359,29.0,3,1,4065800.6
11,26067,4.0,323,24.4,7,5,4234361.66
5,56033,1.9,427,20.5,7,5,4797110.1
3,50256,1.0,156,14.7,4,3,3102914.29
6,226705,4.1,250,12.9,4,5,3367481.21
13,244455,4.3,94,23.7,3,4,2477505.32
12,245120,1.2,457,19.5,7,2,3618128.2
3,205417,3.4,291,19.5,5,5,3682549.01
1,158263,2.5,466,9.6,3,4,4101265.24
9,91803,4.2,495,19.3,6,2,4997441.91
11,208814,4.5,118,26.1,6,4,2905531.54
6,123843,4.4,403,28.8,6,2,5095983.53
7,222665,4.1,244,10.3,2,2,3037770.64
1,33992,2.1,461,21.9,7,5,5287825.15
4,248122,4.2,380,20.5,7,3,4313828.09
0,217603,3.1,343,27.6,4,5,4024225.48
6,53803,1.2,104,24.5,6,1,3217566.31
7,114975,2.8,286,29.2,4,4,4032375.03
12,199549,4.8,278,29.1,4,1,3593429.08
5,149282,4.6,229,13.0,6,2,4232442.4
4,219401,1.4,477,24.0,9,5,4622194.75
14,31270,4.0,76,19.7,7,1,3237933.76
5,198080,4.2,338,12.7,2,1,3816419.82
14,141269,2.1,195,12.3,6,1,3204357.7
1,249929,2.9,437,9.8,5,2,4338960.33
0,12452,3.8,394,25.5,6,2,5437516.47
6,46486,2.8,425,15.1,8,2,5188716.94
6,19859,1.5,159,26.9,8,1,4234183.72
9,163308,3.8,111,21.4,3,4,2838083.97
10,167971,4.6,434,22.8,9,5,4889722.24
9,37083,3.6,228,14.4,6,5,3682871.14
13,72708,4.1,271,18.1,7,2,4312421.86
1,116462,2.4,435,17.1,9,1,5062423.91
1,152735,1.7,351,13.2,7,4,4132684.32
0,98076,3.6,401,26.3,9,3,5679182.79
9,24053,2.3,357,21.7,1,2,3891950.7
7,147157,4.4,160,8.8,1,3,3248353.53
14,166636,1.5,194,26.0,3,5,2356163.09
7,94745,2.7,195,10.3,9,5,3755154.54
0,195167,2.6,121,16.9,1,4,2866050.21
11,74517,4.8,473,20.6,1,4,4410087.5
10,157225,1.6,172,8.2,5,3,2505249.93
7,141319,1.0,430,22.4,8,5,4234863.94
8,146625,2.0,493,22.5,2,4,3977952.67
13,156883,4.3,256,22.4,4,4,3684233.62
3,231453,1.8,274,11.6,6,5,3381537.44
0,142207,2.0,83,13.6,1,5,2579730.09
0,141645,1.5,497,13.4,4,1,4937841.23
2,84267,3.9,173,29.1,4,4,3876516.4
14,143261,1.3,186,9.5,9,3,2972264.0
13,85077,2.3,373,17.4,9,2,4108083.21
4,179718,2.1,162,27.2,6,2,3529188.08
4,81623,3.2,496,24.9,8,5,5300169.95
8,136004,3.9,213,26.1,4,3,3619424.23
9,248043,3.1,179,29.4,8,1,3510206.15
13,58687,4.7,232,16.5,3,4,3365955.87
11,73312,4.8,122,14.8,2,1,3040262.11
1,112615,2.4,487,8.7,6,3,4968480.82
1,135976,4.1,72,11.3,5,1,3547910.33
5,32564,4.0,137,20.4,8,5,3854463.79
14,33835,4.6,315,11.5,1,2,3741135.89
8,197659,2.8,458,24.2,3,5,4013571.44
0,12697,3.1,207,8.8,7,4,4206906.97
8,85165,2.7,377,13.7,4,5,3908347.16
8,209994,4.4,482,23.3,5,3,4627835.64
12,153118,1.9,421,13.6,8,3,3816028.53
8,62823,2.0,356,24.0,1,4,4219893.59
4,209652,2.5,135,29.9,1,4,2878375.72
12,189442,1.9,416,25.5,7,2,3957186.09
14,14615,3.2,394,15.5,9,1,4976187.31
8,249410,1.5,490,27.8,4,2,4147257.84
10,141132,2.3,224,9.1,8,5,3424415.66
3,135499,4.7,156,24.0,7,1,4297647.8
1,81436,2.6,102,8.5,2,4,3138827.15
12,196591,4.0,137,11.8,5,3,2656931.69
5,125562,1.5,256,29.7,9,5,4123146.91
13,76117,2.0,261,15.9,9,2,3971453.06
3,197230,4.2,282,26.1,3,4,4240375.52
5,39782,4.1,157,16.3,3,1,3669565.77
2,221781,2.5,497,26.5,2,1,4929091.18
5,83533,4.8,420,29.2,7,3,5207294.59
1,245011,4.6,177,17.6,6,4,3653873.55
1,194327,4.8,309,20.3,5,4,4328639.53
12,248024,2.7,285,21.8,7,5,3140274.05
8,77684,1.8,246,28.6,4,5,3214046.79
6,192990,3.5,122,13.6,5,1,3220941.63
2,220356,3.7,399,21.4,9,2,4932998.16
12,84558,1.5,118,15.1,9,1,3131053.74
10,221621,4.1,438,12.8,4,5,3802737.09
0,240295,1.1,183,9.9,6,5,2858815.75
7,86422,2.9,164,21.7,2,5,3095170.34
13,161328,2.3,94,27.4,3,1,2700076.61
5,166077,4.0,201,15.7,9,4,3829743.18
6,11638,2.3,248,20.2,6,2,4042492.22
8,42419,4.3,464,22.1,8,2,5442474.85
4,38377,3.4,214,17.1,5,5,3793665.43
14,111244,4.2,433,27.9,2,3,4126639.78
0,179188,5.0,267,16.0,7,1,4807042.22
11,172706,3.7,394,10.8,6,4,3831428.51
9,218363,4.9,153,11.2,2,5,2644448.7
6,28382,1.1,226,27.6,6,3,3659496.77
14,192135,2.4,154,29.7,8,5,2738435.74
4,158466,1.4,322,14.4,1,3,3495767.18
2,72789,2.0,444,11.2,4,2,4811371.32
11,239318,4.4,141,18.6,1,3,2566596.91
12,115634,1.1,292,23.6,2,2,3000930.06
8,136936,3.1,345,21.5,1,2,3770688.48
0,104572,3.3,352,28.9,6,1,4979035.46
0,176294,3.2,333,26.0,6,3,4655982.22
0,149738,2.9,315,27.1,1,4,4201315.31
2,128664,4.2,410,19.9,4,4,4718704.81
11,157027,1.5,130,15.2,4,3,2336454.62
5,115674,2.2,481,23.4,8,1,5060820.35
9,108533,3.5,328,17.7,6,4,4215027.67
10,86845,3.8,76,14.3,2,5,3040664.49
2,74590,2.6,257,11.3,5,4,4109017.54
7,132775,4.5,73,19.6,4,1,3296701.43
13,71471,2.7,300,21.1,4,2,3472060.5
13,246548,2.6,202,20.5,8,2,2878520.83
9,224386,1.1,464,10.6,5,2,3803990.1
1,48298,3.2,194,20.5,3,1,4037635.73
13,199180,3.8,84,11.7,4,2,2581332.61
8,249936,1.5,82,22.6,1,2,2006695.19
2,53924,2.2,187,17.4,6,1,4296687.6
4,152781,4.1,309,26.7,4,5,4134757.83
9,14726,2.5,332,25.1,6,4,4450338.1
7,196896,2.0,429,23.9,2,1,4074764.69
1,45542,3.7,75,23.4,5,1,4127414.02
5,156317,1.8,389,20.3,9,3,4485268.97
11,39753,4.6,300,9.3,8,2,4278607.57
4,84788,1.4,99,22.4,3,5,3071061.75
12,26316,3.8,91,18.3,1,3,3082523.19
9,238979,3.0,478,18.3,3,5,3699207.16
8,89698,4.5,225,16.3,8,2,4296738.36
11,20960,1.5,187,28.4,3,2,3331883.1
4,35791,3.7,409,13.5,5,2,4971997.4
1,243838,3.3,492,15.0,2,4,4640155.2
4,30216,2.9,458,29.2,1,5,4595019.32
14,168539,3.0,262,25.8,5,5,3304137.79
11,69427,3.9,468,8.3,5,3,4448615.43
3,117470,4.8,415,27.9,6,1,5009620.5
14,198119,1.4,264,13.0,2,2,2270025.2
10,78290,1.1,237,23.5,9,2,3758983.49
6,52014,4.2,446,20.2,2,3,4949970.34
5,140150,1.4,308,19.8,2,5,3552747.95
13,214461,4.9,431,23.8,5,4,4135422.67
1,55519,3.5,313,12.6,9,5,4672648.59
11,9042,3.6,138,11.5,4,4,3014234.22
10,54052,1.8,164,22.3,6,4,3315423.88
10,19389,2.0,146,14.4,2,5,2775491.93
12,100961,3.6,240,29.4,4,2,3791761.15
4,73111,4.6,70,17.9,9,4,3897356.01
6,110058,4.9,475,10.5,2,3,4573532.67
10,98715,1.8,131,23.1,1,3,2566624.48
6,55733,1.5,276,14.7,4,4,3625338.27
14,39754,1.2,223,11.3,4,2,2613327.27
4,154696,4.5,343,17.3,1,4,4118351.61
11,90886,2.2,117,29.2,4,3,2960747.15
14,162753,1.0,206,17.1,3,3,2524295.75
8,94524,1.9,70,15.6,2,5,2509428.55
3,86006,2.4,304,17.8,4,2,4349475.97
10,29704,5.0,462,8.3,8,5,5255492.75
2,240344,3.1,325,10.9,7,1,4251401.89
14,99913,1.8,476,26.7,9,4,4087763.67
3,99108,2.3,176,29.5,8,5,4102362.23
4,12493,2.3,242,11.5,1,2,3886892.02
12,74639,1.1,199,19.8,2,4,2632971.32
5,236452,1.5,467,29.3,2,4,3655661.86
2,59383,3.8,363,11.4,8,4,5124829.16
1,139066,1.5,109,12.1,4,4,3017400.23
13,205352,1.9,407,28.4,9,4,3739754.7
12,52234,2.4,85,23.5,2,2,2647678.68
3,183363,4.0,196,11.3,4,1,3712674.23
4,133674,3.3,442,16.7,1,3,4301308.73
3,228940,3.8,418,9.2,3,1,4231353.93
13,10594,3.3,272,17.5,6,3,4005509.65
10,241907,3.7,203,25.1,9,5,3641450.83
12,12371,1.0,328,20.2,1,4,3557676.71
14,52315,4.7,83,22.2,5,5,2873496.13
11,219636,1.4,135,15.2,2,5,2166209.12
2,132251,2.6,420,11.6,7,3,4763881.68
7,237520,4.1,411,8.3,4,2,4100308.5
9,84526,2.7,264,26.1,5,4,3942083.3
3,248459,4.8,183,22.0,8,5,3883138.73
13,152698,2.9,228,13.0,2,1,2853527.7
1,91005,4.5,230,17.2,3,4,4070955.18
1,242330,4.2,323,25.6,5,2,4290015.7
0,110573,4.9,454,19.9,4,4,5189917.85
12,143202,4.7,497,14.6,5,5,4459058.99
3,142900,4.6,84,13.9,3,1,3436256.24
9,62514,3.9,106,12.8,9,5,3453365.34
8,243220,2.5,224,26.1,8,2,3495376.35
13,248596,1.4,96,20.8,6,3,2309913.56
10,240707,3.8,81,23.6,1,1,2496224.15
6,188736,4.9,136,26.9,4,2,3434284.83
14,247773,3.9,99,29.7,7,2,2838866.12
11,153955,4.7,165,13.5,5,5,3219049.45
9,179131,4.2,284,12.0,4,5,3608073.68
6,220150,1.7,263,18.2,9,5,3645170.94
12,179004,2.0,204,8.8,8,3,3098268.02
14,197341,2.4,359,25.4,3,4,3282885.93
6,80986,1.7,101,27.4,6,4,2957009.92
14,90959,3.3,442,23.1,4,5,3991580.62
7,7035,4.9,108,13.9,7,5,3827856.23
0,114767,4.0,421,10.7,1,3,4936103.5
9,176817,2.7,496,16.4,1,4,4019455.57
12,22241,1.0,496,26.3,6,3,4468134.93
9,57975,2.3,275,15.7,7,2,3839669.36
7,159226,3.1,456,8.8,9,4,4564715.67
3,161697,2.3,499,14.0,7,5,4633649.94
3,181022,1.4,485,29.8,9,1,5462910.54
3,234674,2.8,112,22.9,9,2,3569187.72
5,61396,2.0,406,27.8,8,1,5150536.51
6,235299,4.6,328,25.0,7,3,4416403.43
5,123920,1.4,318,19.9,3,3,3789340.15
0,149403,1.2,143,11.3,3,3,2967194.09
11,199999,1.0,442,15.7,5,5,3664094.04
7,91226,2.3,388,20.8,7,3,4451073.9
12,89719,3.6,436,27.2,7,1,4985903.17
9,68014,3.9,365,13.9,1,2,4070308.29
14,44346,2.8,343,10.7,8,5,4106559.02
10,75411,3.7,392,20.3,1,2,4172314.66
12,190550,2.4,428,11.9,4,3,3563008.3
6,148326,3.7,259,21.4,2,4,3808865.68
5,191806,1.2,207,13.8,5,5,2996328.54
5,164693,2.6,371,13.1,6,3,4245133.57
4,81441,4.2,380,16.8,4,5,4577064.85
5,51121,4.2,499,21.1,4,4,5103996.57
11,217490,3.9,400,20.0,7,1,4225616.59
8,65197,1.8,422,13.4,4,1,4364156.61
9,89577,2.0,351,27.6,2,1,4045093.92
8,99634,5.0,480,10.4,4,4,4434152.65
14,178503,1.4,235,8.9,7,2,2868038.19
9,235317,1.7,347,21.3,1,4,3015863.88
7,105211,1.5,95,10.7,4,4,2419345.26
9,140909,2.3,488,19.1,6,3,4588399.67
8,248056,1.8,142,28.9,8,1,3452328.34
12,226097,3.0,184,23.4,8,5,3250959.83
9,219235,2.9,120,21.6,9,2,2878301.78
7,207304,4.6,438,20.6,5,5,4475767.43
7,185066,1.1,471,11.9,2,3,3617852.44
0,215151,2.3,240,17.5,3,3,3513812.49
9,148687,3.4,337,15.5,2,2,3638611.97
10,6466,3.4,72,29.0,9,5,3292205.86
4,35771,2.9,279,13.3,6,2,4061454.52
3,88886,4.3,445,18.4,1,2,4836121.31
1,70911,1.3,460,28.6,3,1,4967422.34
7,234638,4.3,459,25.4,7,5,4597779.94
2,156818,3.0,407,29.2,7,1,4878237.69
3,93422,1.5,370,21.4,5,1,4410124.5
11,245956,4.5,452,15.3,3,1,4266448.02
6,196811,3.6,411,26.2,7,4,4510152.61
9,244512,1.7,184,14.4,5,3,2589044.59
8,234259,1.1,236,11.6,6,3,3098753.38
1,78369,1.6,334,23.5,3,4,4169031.08
2,6893,3.4,296,22.1,6,2,4988885.96
3,35573,1.7,220,27.3,7,5,4177908.96
9,101907,1.9,337,29.2,8,5,3978441.89
0,176946,1.1,185,26.9,2,5,3042056.21
6,213434,3.9,157,9.3,2,1,2827011.52
1,104956,4.2,387,22.6,6,5,4846678.14
4,223532,4.2,311,25.3,8,5,4472952.67
14,123580,1.5,429,29.6,5,5,3605990.06
0,169439,4.6,398,16.2,1,3,4543996.59
2,157271,3.7,402,11.7,1,4,4145438.61
11,96404,4.6,109,26.8,9,2,3853727.44
1,210400,2.8,251,15.0,4,4,3447090.34
0,62724,2.7,278,21.2,1,5,4182535.76
6,91133,4.1,460,16.6,8,2,5449031.15
4,172477,1.4,342,16.9,2,2,3632295.94
0,234304,3.1,188,24.1,2,4,3072645.01
5,244731,4.3,451,16.0,1,4,3954942.85
4,20989,4.3,93,23.2,1,4,3548434.59
14,33931,4.8,327,8.3,9,4,4340528.96
2,14290,3.8,161,15.1,1,1,3862963.36
11,174439,1.8,230,15.0,6,3,3200775.49
6,126136,1.1,218,24.5,7,3,3502656.07
10,84878,2.9,186,14.9,4,5,3242482.02
9,95477,3.1,122,21.9,5,1,3348219.67
8,215553,2.0,371,23.1,4,2,3638928.25
13,212370,1.5,114,22.5,4,4,2246125.44
12,131299,3.3,334,21.3,1,5,3299016.01
12,166205,4.1,331,17.1,6,2,4033006.2
8,248688,5.0,376,16.2,7,3,4726891.74
13,110686,4.0,303,20.4,7,2,3865843.71
8,163124,4.2,444,9.4,8,4,4735746.71
1,112286,3.5,104,27.3,7,4,4034334.71
2,221561,4.9,407,26.2,6,3,5225213.56
6,45475,3.6,472,15.6,8,4,5330697.16
4,87666,4.4,266,20.5,3,1,4566442.66
1,101622,4.8,94,28.5,9,5,4155067.01
2,193728,4.7,464,14.0,3,3,4589478.91
9,140705,2.5,271,24.3,4,3,3385291.6
5,153376,1.3,342,9.8,6,2,3835345.27
12,112573,1.7,105,19.5,8,3,3088158.12
6,233892,1.2,292,27.4,3,5,3384185.94
8,51546,1.4,421,20.1,6,1,4448138.5
0,12008,1.7,346,21.6,5,2,4791141.83
10,53291,2.4,87,28.0,5,5,2814332.84
6,163477,3.2,257,23.7,5,3,3829984.17
7,41386,3.8,471,23.3,9,4,5343610.47
11,95909,1.8,326,20.9,7,4,3744473.76
13,156899,3.7,211,21.9,9,5,3644912.04
2,38040,3.8,205,25.7,9,1,4946101.4
3,65354,3.2,376,29.5,6,4,4720323.54
9,83543,4.6,148,25.5,6,5,3279340.77
5,23157,1.4,487,23.6,4,2,4957324.97
9,233765,1.7,361,11.0,8,3,3658560.94
6,40315,2.7,131,26.0,2,1,3535702.59
12,40932,1.5,198,24.2,5,1,3387079.48
13,157236,3.3,410,24.9,1,2,3524108.15
3,150486,2.6,367,13.1,2,1,4062575.92
7,150399,2.1,326,27.9,1,5,3403456.0
4,118880,1.7,281,10.1,6,1,3912670.19
0,137018,2.3,123,13.6,2,1,3450699.94
3,19693,3.4,244,22.6,4,1,4371311.72
2,32241,3.3,169,22.8,5,5,3851877.37
8,120194,1.7,108,14.9,7,3,3191910.1
7,100790,1.5,483,23.4,1,4,4001090.75
0,151612,1.1,332,16.5,5,1,4381529.08
10,77255,1.0,219,8.0,4,2,3306954.25
5,200829,4.5,190,11.6,7,2,4027577.56
8,177275,1.2,247,27.4,7,5,3452849.13
6,161153,3.9,370,12.9,8,3,4482313.65
3,197933,4.5,399,10.5,4,1,4696663.14
12,16350,1.4,189,23.0,4,5,3020513.52
0,191584,2.7,141,17.7,5,4,3663061.87
11,61809,4.8,288,25.5,5,3,4308853.41
1,106894,4.3,463,27.0,3,3,5287066.65
11,102557,3.0,467,26.6,5,5,4386717.83
4,178904,4.1,371,14.9,5,2,4384663.96
11,164441,4.3,192,19.1,8,3,3604838.13
10,36728,2.4,313,22.3,7,2,4262239.63
4,22576,4.6,443,15.1,8,3,5480230.21
7,165073,2.9,144,8.9,5,3,3060983.04
5,88384,3.1,75,18.9,2,3,3174189.02
7,5390,5.0,90,8.3,8,4,3899965.6
1,223607,4.4,259,28.9,9,2,4630517.58
2,50436,2.4,294,25.5,2,4,3725844.7
5,16569,1.0,472,12.2,1,2,4503356.97
11,149101,3.5,172,14.3,6,4,3098610.39
12,27490,3.8,413,29.6,3,4,4417599.52
9,50875,3.6,168,16.2,1,4,3212123.92
2,236936,4.9,387,25.2,6,5,4778979.21
5,10867,4.5,432,17.8,8,4,5516066.27
5,85820,2.8,152,27.0,9,3,4190864.77
1,104515,1.3,250,23.5,6,1,4296286.03
6,14121,2.9,221,8.5,6,4,3403582.15
11,6539,3.8,125,14.5,1,1,3200829.96
1,227096,3.4,259,20.3,5,1,4129461.32
5,153099,3.2,487,28.4,3,3,4692782.85
0,132402,2.9,91,10.2,7,1,3783723.63
2,79229,2.2,137,21.2,9,1,4137350.67
1,144993,2.1,254,14.6,6,1,4002827.33
6,55435,3.0,79,27.6,5,2,3699207.17
13,146382,1.6,135,24.8,7,4,2793022.21
3,68965,2.4,333,16.1,9,4,4684479.12
7,116048,2.3,294,11.7,5,1,3504824.62
5,101444,3.3,192,8.3,5,3,3921462.83
11,74922,1.3,107,21.7,4,2,2453085.26
9,102799,4.3,192,16.9,5,3,3705733.58
3,98948,3.2,387,14.9,7,3,4897601.95
4,218911,3.7,225,29.7,3,1,4031429.71
12,148314,3.8,463,18.3,4,5,3941308.29
12,248633,2.2,370,24.5,9,1,3786285.22
14,13947,2.9,390,11.9,2,5,3738715.49
14,248322,4.8,136,8.3,8,2,3005173.35
8,207538,4.1,462,17.2,9,5,4926655.85
6,239778,4.9,202,22.6,5,1,3942777.7
9,197888,4.0,431,19.1,7,1,4526075.23
13,53785,1.7,463,27.6,6,3,4343986.68
13,124963,1.3,209,17.5,1,1,2656064.23
8,5507,3.3,151,14.8,8,1,3774210.63
6,203044,2.4,127,28.2,9,4,3488031.22
11,163223,2.1,218,16.9,1,4,2688845.06
0,16618,4.2,474,13.9,8,3,5729137.66
11,79286,2.5,200,10.1,3,5,2831694.26
7,21122,2.3,138,25.5,6,5,3237831.51
3,143426,4.4,414,26.2,8,4,5320055.7
2,114598,4.4,319,8.7,5,2,4607399.32
13,167051,2.4,389,15.9,8,4,3599359.63
12,91436,4.3,246,24.5,7,2,3862183.18
6,215448,4.4,141,28.8,7,5,3486466.49
11,188846,2.7,86,16.3,7,4,2755355.87
2,238775,1.3,398,27.2,9,1,4703355.38
7,141109,1.0,229,16.7,6,2,3229838.28
5,33633,3.1,139,11.9,6,2,3672609.85
4,29495,2.4,182,8.1,9,2,4110904.5
3,69550,5.0,301,15.3,6,5,4534749.88
7,217456,4.1,90,16.3,7,3,3072064.98
7,41483,4.0,204,28.8,7,1,4527331.35
11,118181,4.8,332,12.5,2,4,3510933.73
0,209445,4.6,180,16.4,8,2,4244309.93
8,39069,2.3,315,8.6,6,5,3833278.24
13,143442,1.7,352,24.8,4,2,3479245.65
4,124873,4.0,77,28.1,7,4,3724512.67
3,121843,2.5,353,13.2,8,1,4736659.39
5,76947,2.9,276,17.4,1,2,3893791.83
5,175205,3.5,263,10.7,4,5,3475293.49
1,232107,4.6,116,18.1,4,5,3334464.32
7,100761,2.7,411,10.9,9,3,4683860.45
6,118753,4.1,311,19.5,6,5,4265262.11
0,136764,2.1,79,24.2,4,3,3412313.97
4,33926,3.8,439,20.2,1,1,4958675.87
11,104782,1.0,358,13.4,8,4,3585073.09
5,109700,4.5,460,15.8,9,3,5619067.01
3,78984,1.1,200,22.0,5,2,3711599.5
1,179462,3.9,339,21.0,5,2,4699569.59
12,54593,1.2,497,11.0,8,4,4436809.14
13,80609,2.1,371,26.6,8,5,4069961.82
3,237022,3.0,130,18.5,5,2,3285784.45
0,10209,2.7,233,11.6,4,3,4380472.95
6,131700,1.8,82,10.7,6,4,2766156.38
1,142605,2.3,341,29.2,5,2,4664525.4
12,91597,3.9,277,14.2,8,5,3903572.55
1,12211,3.7,315,28.0,9,5,5425735.58
8,14927,1.3,202,17.0,1,2,3087758.4
4,213535,4.0,313,16.5,9,4,4381541.23
1,122333,1.2,363,23.4,9,1,4703713.49
10,160666,3.2,107,8.2,6,2,3031467.86
8,210924,2.0,428,15.4,5,5,3649339.19
8,213785,3.4,125,14.7,7,1,3250952.46
0,81382,2.0,388,27.1,8,4,4986300.35
10,144005,4.9,445,19.6,9,5,5005162.73
2,108780,2.2,117,16.0,9,4,3698880.34
3,248229,2.0,174,13.9,3,2,3057483.99
13,45696,2.1,128,21.0,8,4,2975336.15
6,201521,4.6,146,11.3,1,5,2752256.42
9,72616,3.5,497,13.4,7,2,5072208.22
3,142161,3.9,287,14.5,5,5,4274659.89
1,192620,4.7,452,21.4,2,5,4786050.87
6,162195,4.6,124,16.2,2,1,3637862.72
5,143869,4.0,124,19.1,8,3,3879614.99
2,55013,1.8,198,22.3,5,4,3857864.02
5,144418,4.4,461,29.0,3,4,4769596.29
10,221486,1.8,452,24.8,1,1,3942102.26
14,169744,4.0,457,16.9,7,4,4323385.16
5,153725,3.7,154,24.5,3,1,3471010.88
11,54556,4.0,283,28.9,7,4,4142998.93
4,128723,3.1,184,19.0,2,4,3253270.18
3,244350,3.6,383,17.0,4,5,4128637.75
9,31140,4.8,362,9.7,2,1,4126357.67
11,6184,1.4,118,27.6,4,4,2892806.76
14,170565,2.2,136,13.4,5,3,2463934.05
0,180220,3.4,344,9.4,8,1,4752481.8
9,160918,4.9,198,19.8,2,1,3409996.99
5,116361,1.4,98,26.6,3,1,3158140.71
1,158267,1.1,412,16.9,5,5,4308155.14
12,10606,1.2,102,25.2,9,1,3347712.28
2,140028,1.2,188,26.4,5,5,3374201.97
13,21555,4.6,249,18.0,9,3,4379021.54
7,95385,3.9,494,21.0,4,2,4933036.75
9,154762,3.7,220,19.7,5,5,3399321.24
13,63502,3.1,202,28.7,9,4,3883421.01
13,184921,4.1,396,24.0,4,1,3852229.62
5,162419,1.6,254,28.4,5,2,3645005.27
2,234797,2.6,203,12.8,5,5,3238471.15
6,108844,3.0,246,14.8,4,4,3905540.22
3,96321,1.4,91,9.6,4,2,2813146.04
13,54056,2.7,310,19.0,5,3,3714799.02
8,199923,2.3,146,27.2,6,5,2853243.64
14,103234,1.1,273,15.2,7,5,3404680.53
4,217574,1.5,73,10.8,6,3,2691300.55
2,232705,4.1,397,9.5,1,5,3777415.84
1,217490,1.1,234,17.8,2,1,3051633.24
10,206283,4.7,484,11.6,7,5,4558952.39
1,46850,1.3,490,15.6,3,1,4956418.0
2,214617,4.2,197,26.0,2,5,3625508.13
1,32843,4.6,114,16.4,6,4,4010484.24
13,67320,4.8,287,21.4,4,4,4121282.34
3,34793,4.5,304,19.0,5,2,4838905.8
1,175588,2.2,205,23.8,6,4,3839896.22
9,240479,2.3,237,11.4,3,3,2865151.48
8,153929,2.7,306,28.2,1,2,3596614.76
1,24627,1.6,162,22.2,3,4,3850952.1
8,66822,1.1,74,14.0,3,1,2574043.93
12,220173,4.5,225,10.7,6,5,3263329.48
5,227633,3.2,314,11.3,4,4,3788572.29
0,188320,3.4,429,25.2,7,1,5366535.87
3,60798,4.7,150,20.9,2,2,4142257.87
14,229440,3.7,316,16.4,4,5,2958126.77
13,180188,3.8,412,15.3,8,4,4165432.39
0,80318,4.1,206,26.8,6,2,4705659.0
13,109186,1.5,455,27.2,3,4,3801677.0
5,92902,2.4,132,20.8,2,2,3297333.04
13,164629,4.9,376,19.5,3,4,3985665.98
12,76334,4.7,185,26.0,1,1,3328643.97
3,211235,4.5,182,24.5,1,3,3290729.33
2,111719,2.8,100,16.8,2,1,3270090.83
2,128099,4.4,76,9.8,3,5,2816030.88
8,214074,1.2,483,24.9,9,4,4378871.39
5,178686,1.6,72,11.7,8,3,3119890.13
8,17720,2.7,376,8.4,9,3,4419320.74
12,62608,2.9,312,26.6,7,5,3908523.12
4,112449,2.1,125,20.7,7,5,3230645.9
1,107828,2.4,142,27.6,5,3,3850022.76
7,131613,1.7,79,18.7,7,5,2943186.02
4,77095,3.0,130,28.4,4,5,3537928.89
1,110924,4.2,119,15.8,5,4,3673501.25
3,220766,3.6,191,23.9,1,1,3456742.28
8,101452,1.4,244,14.6,4,2,3508233.37
14,92593,3.0,70,8.0,3,3,2405673.5
3,171964,3.8,107,16.4,2,2,3131077.78
12,111975,3.1,259,24.2,2,3,3232448.64
11,82242,2.6,148,11.3,8,3,3200016.19
11,121041,3.5,414,19.1,1,1,4042940.96
11,131202,4.9,407,12.7,8,3,4369615.26
12,82606,1.4,259,9.6,9,3,3555585.31
14,128769,2.6,253,21.6,6,1,3336482.31
13,123542,2.6,136,28.9,1,5,2415131.43
3,111438,3.3,86,14.8,7,2,3516084.29
1,5924,1.6,452,20.8,5,3,5199919.37
12,56322,1.7,437,29.0,9,1,4641125.33
11,162550,2.1,461,22.3,7,3,4104943.62
14,76042,4.8,385,22.8,5,1,4341002.73
5,51418,3.9,365,11.9,2,2,4233926.08
12,198289,3.6,278,18.8,4,4,3356387.04
10,105699,4.3,414,16.1,2,5,3868988.54
13,95140,1.5,110,18.4,9,4,2854091.6
1,216918,4.4,465,25.6,2,1,4837650.65
11,209834,3.4,184,18.1,2,3,2955279.55
6,16781,2.3,169,9.4,2,5,3204100.22
2,141587,4.3,442,27.9,1,2,4771354.71
14,122358,4.2,414,20.0,9,5,4400657.49
2,41133,4.4,418,28.3,8,3,5528693.3
4,218580,1.5,208,20.6,2,4,3015981.48
2,102628,4.9,385,9.5,2,1,4761772.39
1,81946,4.8,393,20.2,5,4,5196009.02
9,90058,2.4,403,20.7,4,5,3871284.87
8,145167,1.3,371,12.7,2,3,3205422.62
1,224655,1.7,363,18.4,8,1,4200506.71
13,156542,5.0,86,18.1,8,3,2937709.28
10,48129,3.3,391,21.7,4,3,4320745.87
1,13531,2.4,361,13.7,4,5,4819179.55
12,42038,2.2,143,20.8,9,4,3323998.2
14,92939,2.0,332,13.3,4,3,3221869.93
7,47674,3.7,85,17.8,9,3,3761839.82
14,132572,2.7,83,10.7,3,3,2072852.87
8,230730,4.9,405,8.8,2,1,3809539.47
6,218548,3.7,350,15.1,8,3,4158672.14
2,34831,4.2,430,14.0,3,3,4997463.39
8,62174,2.2,73,17.0,2,5,2855388.54
2,16279,1.3,482,29.2,8,3,5377886.75
4,174292,3.0,196,19.5,8,3,3882841.02
8,65610,2.3,381,20.2,5,5,3928378.95
11,188791,1.8,75,28.7,9,1,3072207.84
13,58051,4.8,198,28.3,6,4,3685452.22
13,208085,2.8,492,27.5,5,5,3830837.57
2,61652,1.7,454,10.2,3,1,4505830.13
6,70524,1.8,440,22.0,7,4,4576139.62
11,219008,2.1,301,25.8,9,3,3498556.65
0,11470,5.0,382,26.4,4,5,5393282.65
3,203670,2.1,264,20.7,7,3,3710837.8
3,177870,2.3,134,8.4,3,5,2899268.25
6,58473,3.6,390,29.4,2,4,4417288.02
7,155952,2.2,172,18.4,1,1,2794599.41
0,236189,1.9,346,16.7,6,5,3905443.3
4,49439,1.6,227,16.7,5,1,3755841.35
6,19308,2.3,293,17.3,2,3,3870813.68
11,96563,1.4,358,13.3,3,3,3332028.62
3,232328,1.1,347,15.2,9,4,4143722.67
12,40081,4.2,251,29.7,3,4,3429461.56
3,211314,1.6,435,16.1,7,2,4610775.53
3,186455,4.1,73,19.6,1,2,2923738.81
11,14837,4.2,284,26.7,7,4,4608050.71
5,240207,3.2,497,19.6,9,3,4935452.2
6,188223,2.2,286,15.1,8,1,4121785.82
1,123128,1.6,465,19.5,7,4,4879697.41
14,172896,3.9,278,10.5,8,1,3612176.77
4,169145,3.4,143,10.9,4,2,3157734.87
3,117651,3.6,296,23.3,2,1,4224826.49
14,102624,1.0,444,28.2,9,4,4011153.23
13,229720,4.7,162,24.0,3,3,2872935.65
12,162371,1.3,134,9.6,4,4,2231087.63
2,236065,2.5,390,16.9,7,5,4226908.58
6,194933,2.6,79,8.1,2,5,2466247.48
10,35063,1.0,471,19.2,8,5,4541451.4
11,74453,3.0,372,12.3,8,3,4121120.69
5,204544,4.0,391,27.1,5,4,4522122.75
13,107166,4.3,374,10.3,9,5,4345806.9
6,19506,4.5,347,8.0,8,4,4460285.27
4,230413,3.0,155,17.9,1,2,2764812.53
12,215926,3.5,95,11.4,9,5,2632860.76
5,118604,1.3,287,24.2,5,5,3567102.04
4,31026,3.0,462,28.2,9,3,5663641.01
13,163744,1.6,474,8.9,9,4,3853312.26
6,174489,2.5,164,16.7,3,3,2853863.46
1,57413,2.3,313,29.9,8,3,4948071.0
13,70066,2.7,176,24.1,7,4,3286652.79
10,195285,3.3,459,29.0,7,2,4757523.47
4,55971,4.6,317,11.6,2,4,4317727.06
5,163353,2.6,83,12.9,2,2,3223851.65
5,118978,4.9,230,11.4,2,3,3602460.29
14,164163,4.0,140,14.7,2,2,2358664.35
4,55494,3.0,221,23.9,4,2,4282380.63
9,108864,3.6,144,11.6,7,2,3911412.78
6,249827,1.4,445,19.5,2,5,3501525.91
9,154682,4.4,284,13.9,5,5,3644725.93
7,137151,3.3,437,26.2,7,3,4802639.65
6,100386,4.9,120,8.1,9,4,3704450.72
4,182823,3.5,455,12.9,8,2,4623273.54
0,91126,4.3,212,21.3,9,5,4714552.94
12,191504,4.2,488,10.1,7,4,4336422.04
4,167023,2.4,105,18.3,3,2,2787896.81
9,85863,2.0,443,17.6,1,4,3765822.41
1,83291,2.7,236,26.8,7,1,4371184.14
12,130659,2.9,305,21.8,6,2,3812750.61
4,195944,2.0,329,22.1,2,4,3575633.21
4,12235,4.6,261,28.9,1,2,4483100.11
1,87733,3.2,271,29.6,4,2,4588777.91
4,67712,4.9,331,22.4,4,1,5023297.75
12,157545,4.2,254,19.5,6,4,3578564.24
3,203639,3.2,227,21.4,5,3,3846359.53
0,242890,4.8,315,16.4,9,5,4924188.08
2,130849,3.0,179,29.7,8,2,4413935.84
0,243471,4.5,168,23.5,9,2,4326820.96
11,84823,2.4,310,14.4,7,2,3897041.97
10,109215,2.5,271,9.3,9,2,3711474.18
14,246071,2.7,191,9.0,3,5,2039821.1
4,37230,3.2,186,12.5,9,3,4231011.52
3,89573,3.2,165,13.1,2,1,3520741.64
6,228660,3.0,303,17.1,9,3,4315341.65
4,204948,2.2,136,12.7,6,5,3031584.89
9,45644,4.7,445,21.9,4,4,4851153.14
13,184736,3.4,287,12.6,2,1,3280768.61
3,50203,2.6,84,12.1,3,1,3362350.04
1,71677,3.6,342,18.4,5,4,4675591.69
3,161497,4.1,288,27.6,9,2,4838258.75
11,128246,4.8,343,18.3,7,5,4246735.13
1,89817,3.0,440,17.1,3,4,4957075.88
7,243657,1.4,216,20.7,4,3,2681910.26
2,222033,2.8,401,13.7,2,3,3896509.01
8,236414,2.9,413,15.8,8,4,4110820.62
12,233721,4.6,221,12.7,6,5,3241921.02
3,74806,2.6,416,20.6,3,1,4834668.74
12,47814,4.8,373,23.3,5,1,4628308.53
5,75219,2.9,483,22.8,5,2,5203238.07
9,185718,4.9,84,13.6,1,5,2423764.86
4,175956,1.0,448,25.2,5,3,4594635.64
9,100345,4.6,452,13.6,6,3,4643610.21
12,105088,4.7,497,11.3,2,2,4151151.17
0,74322,4.8,423,15.7,3,3,5249310.41
8,26650,1.1,480,21.2,5,2,4411056.94
0,99242,1.7,153,11.1,3,2,3360439.68
7,145262,3.6,261,22.3,5,4,3789238.63
8,43196,1.1,110,27.0,5,1,3305645.33
8,175521,1.3,421,14.4,8,5,4119377.12
0,175733,1.9,393,17.9,9,5,4462847.71
1,34709,3.0,330,13.0,8,1,4872044.56
11,247037,3.2,378,15.9,3,5,3797417.9
12,85428,1.1,447,8.5,1,3,3395543.04
0,211251,1.7,205,29.0,3,3,3270744.02
9,14943,3.0,347,17.1,1,5,3648387.08
1,179312,3.4,175,25.4,9,4,4075948.94
9,181832,1.6,76,11.1,3,5,2053751.98
11,26042,2.6,475,25.9,8,2,5187259.56
7,48894,4.6,371,26.9,6,2,5243900.85
4,142941,5.0,99,23.7,3,1,3529005.86
11,197150,4.9,195,27.9,9,3,3763853.58
10,61759,4.5,426,11.7,8,4,4806499.02
6,110973,2.6,469,18.5,3,5,4229675.71
1,49306,3.7,148,21.6,7,2,4553006.4
7,113369,2.7,458,21.1,5,3,4944400.4
10,191443,3.6,136,26.9,2,3,2824371.03
5,156990,2.2,92,12.7,8,4,3162794.18
7,33379,3.4,258,11.9,1,4,3494468.64
0,125667,3.1,143,13.6,4,4,3627360.86
14,244547,1.1,74,27.6,4,4,1655332.51
0,226882,4.2,476,28.7,5,2,5097487.1
11,219304,1.0,151,20.5,4,4,2011046.36
6,139034,2.2,94,19.0,1,3,2752286.34
7,149923,1.0,333,21.3,7,3,4050052.29
12,122626,2.5,474,21.6,2,5,3996718.14
2,181819,1.3,71,11.7,3,3,2612129.08
4,130180,4.7,347,23.1,5,3,4632960.94
11,57349,2.7,397,18.0,8,2,4488042.52
0,206904,2.8,412,19.4,8,3,4709392.03
6,192428,2.4,293,8.7,2,1,3498353.1
4,150817,3.5,141,24.8,9,3,4120810.6
7,10730,4.1,137,26.4,6,5,3740440.2
12,149993,3.6,389,21.6,9,5,4107874.01
7,234502,4.0,163,24.5,4,4,2967121.41
8,207210,4.6,88,19.5,3,2,2902688.01
6,219183,4.5,197,21.6,5,5,3491194.6
10,24023,3.7,412,16.7,5,1,4692398.64
0,181421,1.9,151,25.4,4,1,3382915.34
12,131796,3.6,323,18.3,7,4,3759293.32
2,86533,3.0,290,23.0,8,2,4635848.4
7,88286,3.9,412,21.7,5,2,4860281.02
2,46979,4.3,166,23.5,9,3,4490162.72
7,27837,4.0,121,25.3,7,1,4088142.43
0,151069,4.4,244,19.3,7,1,4568011.19
4,109975,1.3,407,25.9,8,1,4771836.16
3,224675,1.1,251,18.9,4,1,3543310.73
4,181111,2.0,497,29.0,6,5,4513840.22
7,25923,4.6,422,24.6,5,2,4756173.48
9,13876,4.3,460,11.8,1,3,4328561.03
14,65973,3.7,184,26.3,9,5,3691178.65
13,138959,3.8,417,20.1,2,2,3706997.19
3,199795,3.9,70,29.7,6,4,3311214.18
10,47422,4.8,132,23.8,8,1,4134824.9
3,238462,4.3,317,9.9,3,3,3975699.52
14,56413,3.5,300,16.7,5,2,3916163.32
2,107484,3.7,295,19.4,7,4,4647651.37
6,138913,1.9,492,26.5,4,1,4501897.43
2,33756,3.6,88,24.0,5,4,4069676.5
11,76576,2.7,100,16.1,1,4,2336336.97
2,123248,1.6,402,22.4,4,5,4186826.9
10,15304,4.2,190,20.7,7,4,3969763.69
9,35341,3.0,93,10.8,7,5,3209786.37
4,140830,4.9,394,13.2,4,5,4729300.02
4,153082,2.1,280,15.5,6,4,3696335.29
13,132039,2.9,230,12.3,5,2,3207445.33
5,196830,2.8,324,11.3,1,4,3284930.06
7,167730,1.5,128,9.3,8,4,3149435.7
9,185074,2.7,183,27.2,7,2,3514860.28
5,239390,2.2,486,14.4,5,1,4571220.25
14,137447,1.6,229,14.4,7,3,2804748.51
11,104485,2.1,289,12.5,3,1,3263877.37
0,27092,1.9,426,18.5,8,4,5259522.78
14,136562,3.9,238,19.3,5,1,3639578.47
7,8729,1.1,81,12.6,2,3,2843653.65
7,142046,3.5,311,21.4,2,1,4123926.11
8,123222,4.0,444,23.9,4,3,4806034.07
8,90216,2.9,208,16.2,7,1,3953161.24
1,88860,4.7,166,20.9,4,5,4069925.71
14,101870,3.8,216,19.1,9,4,3451647.99
1,26398,4.0,251,12.3,2,3,3937615.77
2,39650,1.8,126,24.1,6,4,3749200.68
0,157364,4.1,111,25.6,4,5,3774305.31
3,237363,4.3,423,22.3,6,1,4449772.64
13,108889,2.4,268,15.1,9,4,3387714.34
3,8159,1.9,100,28.4,9,1,4031044.06
13,103162,2.5,249,18.0,9,1,3718372.44
8,198838,4.0,71,13.8,9,4,3139968.9
8,230959,2.7,491,17.0,3,3,4204338.89
8,107834,3.9,357,23.2,9,3,4527112.43
9,153137,1.5,207,26.6,3,4,2989223.02
6,26638,4.2,174,15.8,3,3,3571023.56
13,6073,2.0,461,13.1,5,2,4427647.48
14,182583,2.0,287,21.8,6,1,3215005.46
1,220379,3.4,291,28.3,9,4,4357541.2
9,237069,1.3,400,12.0,1,5,2861954.26
4,243938,1.1,174,25.7,8,4,3080384.7
3,34320,2.0,473,18.5,4,4,4850363.37
11,205948,3.2,473,25.6,7,1,4627765.81
10,39924,4.6,196,19.1,6,5,3973411.59
7,217792,4.4,334,16.3,6,1,4131297.28
1,176806,3.0,269,23.3,7,3,4523274.7
5,73116,1.1,321,27.8,4,4,3945997.23
12,176097,3.1,84,15.0,6,1,2920477.33
4,230575,3.8,295,18.1,3,2,3790185.67
14,7159,2.4,422,13.0,5,4,3988878.83
11,53940,1.4,174,12.0,2,3,2782944.82
1,84436,2.1,302,25.1,3,1,4395385.06
10,213048,4.1,388,12.4,9,1,4303743.41
9,19678,2.4,288,25.5,6,2,4370755.55
14,197147,4.2,346,17.4,3,3,3276055.09
0,183276,2.3,330,29.9,2,2,4279437.94
7,148093,1.7,450,12.3,5,4,4146392.8
1,142844,2.7,488,10.0,5,5,4899156.96
6,72163,2.8,410,9.7,1,1,4345640.98
8,246040,1.1,438,26.4,3,2,3670588.63
8,209827,1.5,405,17.6,7,1,4039437.64
7,159536,1.7,259,8.1,9,1,3739760.28
10,56137,1.5,441,27.2,5,2,4665425.23
13,166304,2.4,488,27.3,4,1,4282234.67
11,66497,4.9,267,25.7,3,3,4112575.48
9,244089,3.0,422,13.5,9,3,4160575.59
8,210096,3.5,346,16.2,7,5,3727709.12
1,105485,2.4,405,24.4,7,3,4841224.65
5,245970,2.3,108,18.8,8,2,3291964.73
3,187520,1.1,231,11.4,1,3,2820698.62
13,110468,3.0,190,13.3,4,5,3297369.26
3,220589,2.9,449,29.4,5,4,4536385.56
4,5901,1.6,468,11.3,5,4,4794478.99
11,92980,4.1,331,24.0,1,2,3895471.74
2,112594,3.0,285,18.5,3,5,3976639.71
13,219669,2.4,381,24.5,2,3,3071511.01
0,7881,1.6,118,22.5,7,5,3941020.01
7,34863,3.2,161,17.7,5,1,3816760.97
4,247434,4.0,198,15.8,3,5,3151794.65
2,141694,2.1,390,24.6,8,3,5059637.96
9,137450,1.9,97,15.1,1,2,2134864.31
13,219240,3.1,425,25.3,1,1,3373089.13
6,229919,1.6,217,23.0,6,5,3244299.38
6,207258,3.7,397,20.7,1,4,3859655.88
0,50201,3.4,134,16.1,4,3,3786911.89
11,243832,1.3,287,12.5,6,2,3017256.43
8,64251,1.1,120,23.6,1,3,2833153.58
14,77572,3.5,496,10.0,9,5,4316653.93
1,44255,2.2,374,29.4,4,2,4978665.82
4,68212,1.3,478,29.5,9,4,5223488.02
12,55210,4.0,143,10.9,9,1,3665447.17
13,130629,2.3,494,10.3,6,5,4019453.58
4,27499,2.8,268,17.1,7,2,4519374.25
13,107552,1.9,261,29.2,1,1,3203822.83
7,187700,3.5,258,16.8,5,2,3543136.91
13,66360,2.2,81,16.0,3,5,2484040.98
7,140675,4.9,308,23.5,6,2,4623323.33
13,229381,3.8,429,11.9,4,4,3753622.05
6,132466,1.5,150,16.0,9,2,3223825.2
6,90473,2.7,452,14.4,7,5,4820236.58
11,148704,2.5,339,21.2,4,2,3592567.52
10,166679,3.1,359,11.6,6,1,4027576.81
5,96873,4.4,117,20.1,2,1,3243622.59
5,70756,3.3,386,26.9,3,3,4466754.96
10,183066,1.2,278,19.3,7,3,3444359.43
8,199454,3.6,104,23.0,4,4,2949537.25
5,206426,1.0,188,9.7,7,1,3016228.31
11,61344,4.1,134,17.9,9,3,3820496.0
12,189847,3.7,384,10.1,5,2,3651537.29
12,143421,2.2,311,21.2,1,4,2997825.29
1,76154,2.2,105,14.2,5,5,3205018.98
1,32464,4.2,321,14.3,6,3,4998610.47
12,178696,4.1,472,9.7,2,3,4058514.71
4,126897,2.4,312,14.8,8,1,4534054.73
14,42344,2.2,111,19.1,2,4,2323313.59
3,88791,3.2,138,20.9,9,1,4208199.94
10,160371,1.0,472,9.5,2,1,3413501.56
1,184047,1.3,176,22.3,3,4,3385010.37
14,137534,1.5,108,18.8,8,2,2694261.44
14,125209,1.7,138,19.8,6,3,2756871.63
2,86441,3.0,249,26.3,1,1,4091049.34
6,95456,5.0,81,15.5,4,3,3336214.32
7,86788,3.6,408,11.8,5,4,4333556.44
11,242612,1.2,273,20.1,3,2,2830025.63
12,176653,3.1,105,28.8,1,5,2575578.22
5,236444,3.0,195,19.4,3,2,3150235.15
10,207361,1.6,132,26.3,9,4,3134539.34
4,241613,4.7,401,24.7,2,2,4514063.93
12,19175,2.8,151,19.4,1,5,2743570.5
0,142263,5.0,376,22.2,7,1,5545237.61
7,88434,2.7,368,16.9,7,2,4619087.35
2,89518,3.4,103,19.7,5,4,3299146.77
14,216230,1.4,309,19.2,2,2,2812551.79
5,71537,2.8,166,23.6,1,5,3439467.35
2,120721,2.0,118,17.0,5,4,3119723.59
6,52645,4.3,215,10.2,4,2,3752014.07
12,244608,4.1,194,25.4,9,4,3422369.93
13,28283,4.3,258,23.1,5,5,4044446.04
6,91971,3.9,126,28.9,2,1,3400392.84
11,97759,4.3,418,17.4,4,5,3967041.76
14,195195,1.8,178,9.7,9,1,2797897.87
8,107780,2.8,74,10.7,8,3,3028238.71
4,166096,3.8,93,25.0,3,5,2872041.17
14,185702,3.5,290,9.5,8,1,3467767.88
7,35734,3.9,384,28.0,2,3,4613119.04
9,5515,1.9,363,14.2,3,3,4228893.93
9,115782,1.4,486,27.8,5,3,4489894.55
7,71727,4.7,79,25.0,8,4,3932743.16
0,233872,3.2,234,27.2,1,5,3345137.01
11,114164,1.6,284,12.7,4,5,3047838.92
4,51216,4.2,195,21.1,1,5,3675816.61
2,76833,4.7,336,10.1,1,5,4309894.98
0,63755,1.7,349,12.5,5,4,4497749.85
3,32856,4.3,157,14.8,6,5,4198361.94
7,78870,4.7,183,24.3,1,1,3750676.38
2,160234,4.8,90,8.5,6,3,3512352.1
9,142080,4.7,217,27.9,5,4,3969870.71
1,12987,3.2,314,9.6,4,4,4595809.17
10,198604,2.4,335,16.3,5,5,3463409.29
8,101502,1.0,286,9.8,8,3,3640577.88
9,139404,1.2,309,24.9,9,1,4209726.21
4,71323,2.7,468,11.1,2,3,4341971.62
13,175062,2.6,497,27.5,6,2,4487263.28
6,14873,1.7,301,19.7,3,3,4064077.86
10,218614,2.6,301,28.9,2,1,3234543.41
10,221833,1.7,311,14.4,1,1,2828420.0
1,172516,4.4,259,18.0,4,1,4117715.35
8,171412,2.2,459,23.3,8,4,4563821.63
12,110219,3.4,298,26.3,3,4,3170604.93
8,10033,3.0,135,17.3,5,2,3612882.77
3,78324,1.2,447,27.6,5,3,4628455.27
3,20689,4.8,457,10.6,5,5,5081286.99
5,114756,3.1,348,23.6,9,2,4518014.68
9,223206,2.3,338,15.7,8,5,3488947.22
9,239088,1.6,278,10.2,8,5,3340207.38
9,231311,2.4,484,16.5,1,2,3653687.35
5,5066,1.1,85,27.4,1,3,3056773.19
11,119159,2.5,366,29.6,2,5,3446890.79
0,181318,3.1,289,16.6,8,4,4552934.91
13,12533,4.5,326,27.5,1,4,4019657.97
13,216711,3.7,436,19.2,4,2,3843704.88
8,206224,1.4,337,23.8,9,5,3823089.9
1,247653,1.6,298,9.0,2,2,3409680.89
4,120828,2.7,188,20.3,3,4,3279862.95
8,64658,1.8,247,9.5,6,2,3498510.78
3,43498,1.1,89,13.9,3,5,3029693.17
10,114028,4.2,105,20.5,4,5,3233416.76
2,16772,1.1,404,25.8,9,4,5102710.83
14,94385,4.3,491,20.3,9,1,5133238.11
6,185108,1.6,475,28.6,5,1,4712352.77
5,194603,4.9,177,25.8,7,3,3944486.24
7,17940,3.4,258,11.4,9,4,4329700.81
2,123027,3.9,247,16.6,8,3,4577070.43
4,21932,1.4,165,22.7,7,4,4124224.97
9,231377,4.4,384,28.6,8,5,4465245.16
3,192899,4.4,89,29.7,5,4,3560343.13
14,197503,3.6,233,24.8,5,2,3121438.03
12,29648,3.0,451,20.6,5,3,4485358.43
3,249019,3.9,166,24.6,1,4,3231071.08
3,37966,1.0,212,14.0,6,3,3861207.76
9,163849,3.4,131,14.2,5,4,2847520.4
7,168639,4.4,311,22.4,8,1,4732582.82
5,153246,2.4,307,27.2,8,3,4494931.68
2,47598,1.4,200,29.3,2,5,3572062.92
9,195271,2.7,162,15.5,6,5,2932720.96
4,149870,3.9,160,25.5,6,4,3698774.64
5,201436,1.4,202,26.7,3,5,2854889.17
4,153630,1.8,192,21.7,1,5,3018675.73
5,66084,1.6,484,15.6,7,3,4742672.59
7,180309,4.2,411,21.6,5,4,4500345.12
6,201569,1.3,488,20.9,5,3,4185234.08
4,136250,3.7,187,21.3,8,4,4182274.65
9,222078,2.5,267,21.6,5,5,3182924.32
5,22118,4.0,351,26.6,5,4,4528136.03
13,27616,4.9,443,11.7,1,4,4130829.39
3,136870,1.5,70,16.1,2,2,2746920.85
11,12601,2.3,280,20.9,5,4,3489634.77
8,30363,4.2,332,14.2,7,2,4409772.69
12,7795,2.1,489,29.5,3,3,4474977.08
3,102462,1.9,401,13.8,1,2,4256302.34
0,181336,4.3,281,18.3,2,3,4223200.55
6,107892,4.9,156,27.3,3,4,3699657.53
6,77833,3.2,222,9.8,9,3,3959604.44
3,8084,2.1,419,26.1,8,5,4996049.85
12,100865,2.6,256,20.6,4,4,3375772.68
13,212718,1.7,130,8.7,8,2,2538073.93
2,5731,4.0,354,27.9,9,1,5775467.93
7,137201,4.1,164,8.9,3,4,3336497.05
4,164094,4.5,343,19.3,6,5,4371112.81
9,6605,1.1,110,9.1,8,3,3230702.85
6,82506,3.2,216,9.6,7,2,4012303.86
3,245313,1.9,315,27.5,9,2,4153949.32
3,49130,2.4,201,24.8,7,5,3983859.26
7,165337,4.1,366,12.3,1,5,3798902.05
13,168402,1.8,192,21.7,9,4,3072554.09
7,73469,3.6,212,25.5,5,1,3927160.67
1,151259,3.6,251,27.6,6,1,4399353.47
13,161863,4.8,261,18.3,2,3,3094336.28
1,95436,4.1,468,27.7,2,2,5175453.78
2,206682,4.2,276,19.2,4,4,3853617.89
14,117341,3.1,300,23.1,4,2,3527810.61
11,228034,1.7,91,29.5,5,4,2710579.55
11,175939,2.7,471,13.2,7,5,4169235.76
2,136965,3.2,149,11.7,1,3,3366671.36
0,104694,3.7,199,15.5,4,5,4000513.68
14,24773,3.4,361,11.6,9,2,4118284.72
13,9239,2.6,345,14.3,8,3,4183765.8
2,25863,2.1,469,24.3,3,4,4828512.02
5,56415,1.7,392,18.5,6,4,4308585.11
7,73968,3.8,445,16.3,9,3,5092618.88
12,236747,3.6,483,16.1,8,5,4285914.62
11,65430,3.7,124,12.3,7,3,3284429.51
13,6515,2.5,135,17.8,7,5,3286268.33
9,102206,2.0,296,21.7,1,3,3370364.77
5,240702,4.0,95,11.1,5,5,2891993.75
4,150677,4.1,322,29.4,7,1,4796103.62
14,61240,2.8,266,17.8,2,3,3364166.73
3,10586,3.4,199,28.9,6,5,4234601.89
2,237293,2.5,312,11.0,2,2,3474475.48
12,125419,3.8,381,24.9,3,2,3967510.85
3,127374,4.3,281,21.6,1,3,4115232.72
13,36186,3.8,259,26.0,3,3,3777021.4
6,31928,3.1,359,21.2,7,4,4602172.43
0,234336,2.8,295,29.2,5,5,4203520.57
6,219159,3.6,315,21.8,4,3,3690471.71
0,127990,3.7,125,25.3,8,2,4368460.19
1,92029,3.2,124,27.3,8,2,4289063.9
14,25711,3.5,345,23.7,1,2,3780976.65
3,59962,1.4,375,19.5,9,5,4735582.58
0,25039,4.8,478,14.0,9,1,6143024.97
10,41561,4.2,409,26.8,2,3,4507601.81
11,211555,2.5,222,18.6,2,1,3193246.03
10,233943,3.3,122,21.7,8,5,3059819.49
14,217467,1.2,467,9.7,6,3,3375774.94
10,224730,1.2,180,18.9,3,4,2329521.77
8,6577,2.0,496,23.4,2,3,4796499.84
11,112792,3.8,273,20.8,5,3,3690403.33
5,164422,4.4,181,17.9,8,3,4236350.1
12,243540,3.2,394,12.9,6,3,3749685.75
0,169870,3.1,327,14.8,3,3,3964986.13
0,233506,2.6,85,23.4,9,5,3598732.02
5,217489,1.6,419,12.9,8,3,3871580.63
3,15785,1.5,496,21.7,6,5,5009885.46
3,77227,4.0,235,21.0,1,3,4071597.68
14,123680,4.7,370,29.3,2,3,3634523.02
10,66957,2.8,451,9.3,4,5,4411051.53
14,70431,3.6,495,10.4,2,3,4237971.16
5,153369,4.7,349,19.1,3,2,4221562.64
14,76894,1.4,440,19.6,8,3,4363319.85
13,199844,4.1,227,8.9,9,4,3053522.28
11,155653,3.5,490,26.2,6,5,4334904.01
10,60192,3.4,318,18.9,4,3,3754656.84
6,6462,2.2,448,15.6,2,3,4186371.22
8,133848,3.7,250,15.0,7,5,3709481.13
9,200245,4.2,260,27.0,7,1,4068937.61
4,151583,1.5,208,12.3,9,2,3765944.94
8,81106,3.1,147,11.5,5,2,3364738.75
3,53665,1.4,476,12.7,4,3,4663392.05
12,180486,4.5,442,21.8,6,5,4086324.03
9,86010,3.0,405,25.8,2,4,4023597.24
1,77573,4.2,119,15.3,2,3,3246144.64
2,229737,2.5,154,11.8,9,2,3765722.62
12,112803,1.5,252,12.6,7,3,3252782.49
10,124682,1.2,252,21.6,7,5,3314202.4
0,18386,2.1,73,13.4,5,4,3642753.26
13,129069,2.0,386,27.3,7,1,4213938.7
13,59460,3.2,180,10.3,9,4,3377943.15
5,142293,1.1,403,8.7,5,3,3916089.15
12,159546,3.1,408,9.9,9,2,4444782.29
5,242145,2.6,320,26.6,1,5,3272771.59
0,120375,3.3,202,22.3,3,3,4198958.61
10,117660,3.8,169,29.1,7,1,3760970.66
12,157117,3.5,471,15.4,4,5,3707415.68
2,96319,4.9,241,12.7,2,5,4000971.0
4,121582,1.6,356,20.4,3,5,3789545.75
2,241765,2.7,188,19.8,7,3,3417465.16
9,140994,2.7,419,21.0,8,1,4571866.3
2,248015,2.7,474,15.6,9,3,4789129.49
13,158778,3.7,244,8.1,6,5,3398245.23
9,47771,3.0,99,8.8,9,5,3449960.35
2,57335,3.1,124,22.6,4,2,3676801.09
4,234087,2.7,430,19.5,5,4,4115200.1
12,57949,5.0,265,26.1,1,3,3897740.13
4,206786,4.7,110,14.6,9,1,4036519.51
3,100558,2.2,242,25.9,9,5,4200858.99
0,151312,1.4,399,17.4,9,3,4712926.99
4,227828,4.4,288,10.1,3,4,3642942.34
9,107272,5.0,277,29.5,8,3,4582181.71
4,7716,2.2,227,19.3,3,4,3929198.39
3,152646,2.4,402,21.8,6,3,4675670.8
5,247887,4.8,297,22.8,5,2,3971994.48
9,219327,3.8,154,16.0,8,3,3238062.7
3,209789,2.2,242,24.4,3,2,3227455.47
13,247371,3.3,314,27.1,1,4,2950857.18
6,180138,4.8,429,16.5,9,5,4668908.37
6,197898,4.2,242,22.5,9,5,3948034.61
1,156285,4.0,404,24.7,3,3,4923251.55
2,76916,3.9,281,12.2,2,1,4316757.94
0,202223,1.7,153,15.3,4,3,3273192.5
7,55906,4.3,242,10.4,8,2,4340627.7
8,5463,2.1,252,21.2,6,2,4258178.33
3,168045,4.7,202,25.6,1,4,3579689.77
5,79694,2.5,449,21.4,8,3,5042459.46
8,156723,4.4,357,12.0,5,4,4096359.53
5,73694,2.1,331,20.0,6,1,4358637.09
13,25008,3.1,419,26.4,5,5,4615721.54
11,247810,1.4,351,14.7,5,5,2829931.03
11,75474,3.6,362,26.3,3,3,3806840.09
11,43185,4.3,338,25.3,4,4,4242143.88
8,92924,3.9,418,8.5,5,4,4282272.51
14,210489,3.1,266,13.3,2,1,2481823.83
3,207211,1.2,94,19.9,6,4,2915246.02
7,39980,4.7,210,23.8,2,2,4029327.52
8,27504,3.8,292,27.4,4,2,4528830.98
3,59970,4.0,89,22.1,1,2,3404186.54
4,21766,4.2,316,16.4,4,3,4321848.82
13,121944,4.0,397,12.1,7,2,4082919.19
7,98922,2.8,270,24.7,8,2,3979456.75
11,147767,3.9,474,12.5,2,5,4176712.39
9,153868,3.5,184,23.3,3,3,3364766.24
13,178615,4.4,452,12.0,1,2,3996655.16
5,150631,4.2,258,10.0,7,1,4306076.26
11,240522,1.2,95,13.5,4,2,1836870.59
6,169211,2.5,123,14.3,8,3,3208262.5
2,125494,1.1,239,22.2,5,4,3799392.56
6,239941,1.4,464,11.5,9,5,3895769.24
11,13802,3.4,490,28.5,6,5,4994208.49
13,209915,4.5,450,20.2,2,3,3990001.23
7,176277,1.5,80,18.8,1,2,2662653.13
9,234822,2.8,96,17.6,1,1,2490864.4
5,39159,4.6,419,20.5,9,2,5605284.11
14,16516,4.3,152,8.5,1,2,2954222.16
9,55492,3.1,359,29.8,3,1,4436010.89
8,34086,4.1,107,20.3,2,5,3279814.68
12,118758,3.1,156,8.8,4,2,2546991.75
5,35480,1.6,390,21.0,1,4,4088575.53
11,188163,1.5,456,17.6,1,4,2976806.62
8,133023,1.8,225,8.5,4,3,2734357.67
12,115195,2.4,467,28.3,4,3,4225224.61
3,183838,4.7,377,8.2,7,1,4857271.9
7,43737,4.2,355,20.7,8,1,4826397.27
10,14265,2.7,255,29.2,8,3,4405278.78
3,119165,3.0,251,13.2,8,2,4502430.74
1,124501,2.1,438,13.6,9,5,5021388.63
9,75990,3.8,212,8.0,1,4,3140022.06
10,237526,4.2,491,9.5,9,1,4745860.7
8,227789,2.0,275,9.0,8,3,3408564.59
4,20386,1.2,211,26.1,1,4,3492439.27
3,109718,3.5,254,26.4,7,1,4419223.96
1,42425,3.3,310,24.0,9,1,5190833.78
0,126635,2.6,77,15.8,4,2,3382031.87
10,179326,3.6,141,26.1,9,1,3666094.41
6,225935,3.2,472,19.9,1,5,4043127.18
5,58634,2.0,357,14.7,9,1,4582831.26
14,222789,2.6,164,17.6,6,5,2453716.88
14,183734,2.7,226,9.4,4,2,2699533.32
1,91988,4.5,110,28.8,5,5,4279959.58
7,239856,4.8,400,21.6,7,4,4505896.18
10,111337,4.6,370,24.1,4,1,4536552.94
3,235359,3.9,338,22.9,8,3,4670893.98
7,223599,3.3,224,22.7,3,3,3387775.78
14,242919,3.8,344,8.4,2,5,2552060.35
6,211524,4.8,223,19.6,1,2,3438693.69
4,146215,2.0,122,26.1,6,5,3362553.63
9,227463,3.1,248,9.0,2,5,2772133.37
9,151653,3.8,490,29.0,8,5,4663843.6
11,72443,3.7,309,17.3,4,4,3637656.68
7,34424,2.0,206,14.4,9,4,3743553.3
13,93844,3.3,324,19.7,4,5,3603202.71
8,46984,4.2,293,25.6,4,2,4386169.65
4,46505,2.9,249,18.4,8,1,4763060.62
9,248133,4.2,251,22.2,8,3,3760493.67
4,107478,2.4,328,19.0,5,4,4167100.58
1,67699,4.8,312,21.9,3,1,4676857.49
4,163029,3.1,165,11.0,2,4,3030538.61
2,161536,3.4,266,8.9,9,4,4595899.73
6,119012,1.1,461,11.0,9,4,4551280.66
9,159721,1.7,83,14.3,5,5,2309354.06
4,178137,3.5,189,13.6,8,5,3757918.96
7,228733,2.7,456,21.5,7,4,4502592.62
0,39758,3.0,477,18.0,3,4,5203395.19
2,141668,1.3,338,8.9,5,3,4049233.29
2,21374,4.3,240,8.8,9,1,5055775.75
8,123686,4.1,482,10.0,4,1,4708463.28
4,8775,1.7,141,15.8,3,2,3500033.47
11,32388,3.5,248,8.1,7,2,3796598.01
8,128800,4.3,239,18.9,8,2,4075678.96
12,26029,3.6,228,15.9,5,5,3518338.52
8,88981,2.2,223,20.2,8,5,3485398.4
0,58639,3.6,471,23.9,5,3,5539912.74
1,119010,1.8,151,13.5,9,5,3594026.36
4,150717,2.3,126,11.5,7,2,3395187.36
3,36105,2.0,76,14.1,5,4,3344770.91
14,149740,3.2,181,8.0,9,2,2983270.69
9,152032,1.4,117,10.6,5,3,2624413.6
8,131519,4.7,149,24.5,8,4,3525152.23
6,147429,2.3,444,12.9,4,5,4169515.62
5,200676,1.9,445,29.9,9,4,4778860.11
6,107739,3.0,385,11.7,6,3,4472832.2
0,56796,2.1,102,25.4,6,5,3788178.36
0,20804,3.1,184,23.5,3,1,4216361.63
7,132732,2.4,453,15.1,3,2,4159904.36
12,150698,1.5,72,15.3,4,2,2142987.6
12,164204,2.1,73,20.4,1,3,2207847.84
1,12951,2.8,425,26.8,6,3,5610750.58
11,142521,1.1,329,16.5,1,2,3046601.38
9,24065,4.1,111,9.3,4,4,3091081.04
10,106503,3.5,78,16.2,7,1,3193782.66
8,110072,3.4,376,12.6,6,1,4541634.81
6,145202,3.2,214,28.7,8,3,4129986.09
5,94360,3.4,470,23.3,4,3,4893510.24
0,67287,4.7,166,9.1,9,4,4474992.36
0,243009,1.0,345,14.4,8,3,3833706.4
1,187774,1.2,211,9.1,5,1,3420946.14
5,173065,1.8,347,26.3,6,2,4099160.95
13,167947,1.7,96,27.9,5,1,2521481.03
5,142126,1.7,112,10.5,6,4,2977365.62
1,235881,3.7,200,17.7,1,2,3686424.93
0,112357,2.8,285,28.5,4,2,4477396.8
9,184589,5.0,163,11.2,9,1,3875977.66
4,212440,1.9,77,14.4,4,2,2679576.83
4,34670,2.2,155,14.7,2,2,3403331.13
1,54112,4.9,414,8.7,6,3,5467278.45
5,93388,4.3,207,8.8,2,2,3719889.94
8,94156,2.9,438,29.0,3,4,4513374.55
1,164379,3.2,482,20.6,7,2,5445840.9
9,249159,4.4,493,14.7,4,3,4341457.1
1,203159,2.9,315,16.3,1,5,3673707.34
2,52922,1.8,90,23.7,9,5,3861273.66
12,199152,4.3,477,16.1,6,4,4188715.64
6,98348,3.2,479,13.0,9,4,4947198.46
5,84335,1.6,334,10.2,3,2,3710181.17
11,31312,3.0,217,24.0,5,2,3660474.6
7,241228,2.7,253,12.0,9,5,3296279.91
14,71985,4.5,296,9.5,6,5,3432085.36
7,135744,1.5,361,17.4,2,1,3574498.6
5,193680,4.5,105,8.9,1,5,2369632.57
11,226034,3.0,315,29.2,9,5,3842483.32
10,105963,2.6,142,21.8,1,4,2709923.94
9,176349,1.6,219,11.4,5,1,3177121.07
2,36551,3.8,70,11.8,1,1,3281470.79
2,94813,4.7,138,20.5,5,2,4185899.59
14,192669,2.5,362,15.8,5,2,3285709.09
0,106025,2.0,299,25.0,7,1,4799044.28
6,129342,3.2,280,20.0,7,1,3984687.52
4,181284,4.2,141,17.5,1,2,3193053.65
3,14637,1.0,432,29.2,9,4,5102223.29
9,48258,3.5,165,16.6,1,4,3233768.53
14,171765,3.4,466,16.8,5,4,4060005.45
3,145896,2.3,153,22.6,7,4,3790135.14
13,134553,2.8,297,25.8,8,2,3563203.65
3,31950,2.0,368,21.8,2,3,4577581.7
5,159560,4.2,305,23.4,1,5,3649477.22
14,132870,3.5,362,16.2,4,5,3758605.2
7,240616,3.1,291,18.5,4,5,3681208.31
7,5215,2.6,292,12.3,6,5,4233516.77
4,110603,2.2,350,23.0,1,2,3870597.25
14,16523,4.3,290,12.9,1,3,3321259.3
5,211972,2.8,285,8.0,3,2,3322296.3
3,73689,3.0,300,28.5,5,3,4592001.64
11,28834,3.1,474,14.7,6,2,4578499.59
13,39474,2.8,238,12.3,5,1,3223313.16
10,48066,2.0,398,13.9,5,3,4248467.24
12,235943,1.5,495,15.3,9,5,3851616.8
8,15400,1.4,111,18.4,2,3,3002978.6
7,130211,4.0,327,9.5,1,4,3755614.28
9,15345,1.9,265,9.2,6,3,3753608.69
11,38896,1.2,461,14.4,9,4,4585215.83
9,221502,4.2,165,14.5,7,4,3451109.53
0,33899,1.6,386,10.6,8,1,5163930.95
14,242243,3.5,83,16.9,5,3,2397421.58
1,33229,2.4,182,14.2,4,1,4061459.55
8,10583,1.5,146,8.6,6,5,3066292.35
7,140969,2.7,346,27.5,3,3,4005837.53
13,76537,1.1,477,27.5,1,2,3880251.16
2,245489,4.4,498,12.6,4,2,4909904.41
7,140639,3.1,389,11.6,9,2,4616121.82
11,79807,1.6,479,20.0,4,4,4045979.81
0,134648,1.9,229,21.9,1,2,3823472.18
9,117652,2.8,382,29.1,4,5,3966454.67
3,213311,1.8,188,16.3,7,3,3479698.47
2,149401,2.1,230,21.6,3,3,3701052.94
5,237117,3.1,377,27.3,6,4,4056657.81
6,76792,4.3,420,17.9,1,4,4656397.91
3,136300,2.6,215,10.7,4,4,3483447.96
6,226354,3.9,232,16.3,3,5,3096390.17
8,218286,4.5,465,11.0,1,3,4030196.58
10,42052,1.9,248,8.4,3,1,3197669.38
1,193841,4.2,158,24.5,4,4,3636983.41
10,51032,4.0,292,13.2,5,2,3972977.49
2,247766,2.4,335,8.0,6,1,3968327.22
4,224793,5.0,308,27.2,2,1,4410336.51
2,38686,2.1,377,17.8,2,4,4352896.73
10,81981,2.0,103,13.3,6,2,2970219.24
7,103802,4.1,440,13.8,5,4,4542043.63
11,199333,2.7,236,13.3,1,4,2653999.81
9,138881,2.3,461,12.3,3,2,4040894.16
7,239337,1.7,194,26.5,5,1,3148918.54
7,177857,4.1,293,11.7,2,1,3787989.14
11,172619,4.1,482,20.4,1,2,4012917.75
11,47818,3.3,219,9.7,9,1,4142018.18
8,105422,4.8,258,28.9,5,5,3698884.63
3,76927,2.3,112,21.3,2,4,3166755.52
4,201753,1.9,98,27.9,4,5,3031049.18
4,84465,3.7,431,16.8,3,5,4759615.2
7,225934,4.0,189,25.8,7,5,3548953.89
6,231599,1.9,406,26.8,1,3,3541715.11
8,118221,1.3,100,23.5,4,3,2731826.44
14,42333,4.2,250,10.0,7,5,4017722.61
14,131457,4.9,231,8.4,5,4,3373943.33
13,21576,3.6,197,11.7,4,5,2941689.23
7,124875,2.1,324,10.6,4,5,3540812.1
1,44405,5.0,363,24.0,2,3,4918994.24
9,99000,4.6,426,20.3,8,5,4639010.23
11,209851,3.1,457,19.6,4,4,3972844.24
3,36601,4.3,323,13.6,2,4,4244650.78
5,72946,4.3,199,11.4,9,5,4414409.24
11,203428,4.7,81,12.5,7,4,3068377.71
1,57116,4.4,104,16.8,3,5,3579209.93
6,236897,3.6,267,24.3,7,3,3780983.83
2,109186,3.4,317,13.6,1,5,4007431.2
12,67894,2.9,179,23.4,1,1,3227982.47
2,170707,3.5,397,18.8,4,3,4490130.97
10,12465,4.2,474,27.5,4,4,5093873.27
1,61754,4.9,314,13.1,4,4,4948905.4
10,234047,2.9,319,17.9,9,3,3843845.26
7,97850,3.3,435,10.1,6,1,4527596.87
5,114765,2.8,386,15.4,3,3,4292532.65
0,221191,3.7,232,19.2,6,2,4159904.28
11,97691,3.5,117,24.1,2,1,2968193.76
0,43871,1.1,468,12.4,2,3,4737143.49
6,198946,3.2,140,12.8,7,2,3502221.57
7,213805,1.4,468,21.9,3,5,3818986.72
4,34511,1.1,203,16.4,7,1,3600595.67
11,85960,4.2,308,18.6,3,5,3727092.22
10,184893,2.0,137,26.4,2,2,2643365.44
4,70776,2.4,347,19.0,4,4,4620558.83
3,206239,1.3,101,22.4,4,4,2784726.22
13,211207,1.7,192,22.4,3,4,2370681.2
5,49462,4.1,91,25.7,9,5,4102585.94
13,197454,3.0,224,22.0,6,1,3198616.01
5,226266,4.5,179,9.4,5,5,3185283.01
2,239453,2.6,340,15.5,6,5,3702979.11
8,37574,2.1,449,29.8,8,4,4838949.15
11,107072,2.4,369,12.3,5,5,3365114.65
10,177982,3.9,184,20.9,4,2,3300041.06
13,209603,3.2,289,26.5,7,3,3573066.32
6,161258,4.6,299,20.9,5,3,4308188.93
0,230853,3.4,321,16.2,4,3,3971775.72
14,158885,3.0,318,9.8,5,4,2996538.39
12,214884,4.1,78,16.0,4,4,2733967.6
6,221597,4.8,103,12.0,8,3,3399413.92
4,83282,2.4,297,29.1,8,1,4791625.5
4,114779,2.0,142,23.7,1,3,3089099.64
13,23557,3.5,468,24.5,3,5,4470570.56
12,164132,3.0,370,17.6,4,3,3665809.56
1,194938,5.0,281,10.4,2,3,3904883.98
3,77104,2.8,141,13.9,5,1,3806461.29
11,236977,1.3,127,13.7,8,4,2492158.85
5,220649,4.9,289,18.7,2,4,3494203.96
9,142152,4.4,440,18.1,9,5,4821224.59
14,149926,1.7,344,17.5,7,3,3406655.1
10,127013,4.6,318,18.9,6,2,4122447.1
6,203767,2.4,85,29.7,8,5,3252500.36
10,163097,2.5,144,14.6,2,4,2484930.57
4,189054,4.6,175,21.5,5,1,3887125.01
8,46081,3.1,205,13.3,4,4,3512644.44
2,140440,1.6,486,18.3,8,4,4920326.44
0,235693,2.5,143,12.4,1,1,3016256.97
3,124181,3.9,323,20.3,3,3,4524369.47
8,32094,1.7,87,13.8,8,3,3142081.29
3,182112,3.4,488,8.8,5,4,4389144.66
1,71766,3.8,112,25.9,4,5,3801902.63
9,88053,2.4,119,10.8,6,2,2954928.33
13,160063,3.8,72,16.1,5,5,2308798.27
13,6301,4.5,301,18.5,3,5,3830236.85
4,164682,2.9,288,17.5,5,4,3913655.72
2,86463,2.5,128,24.0,4,4,3516559.58
12,170750,2.0,353,21.1,1,2,3137740.38
11,29466,3.4,371,14.5,1,2,3895026.67
12,216512,4.5,133,9.1,7,2,2991323.61
8,176947,2.3,139,24.9,4,4,2872256.77
3,31081,2.6,372,15.8,1,4,3970924.29
5,29354,2.6,211,27.6,6,5,4159021.76
1,98297,3.2,460,16.7,1,4,4432967.95
5,23300,1.9,271,23.8,8,3,4302437.59
2,69384,4.3,276,28.7,9,3,4857217.4
11,100027,2.2,484,22.3,3,2,4271509.38
11,126684,3.8,290,17.1,7,4,3733859.5
8,65892,3.1,431,20.5,5,3,4574250.34
10,40525,3.3,315,20.0,3,5,3690991.55
1,162604,1.7,150,20.9,5,1,3393571.98
14,11464,3.9,320,11.2,7,5,3589108.98
11,21562,1.8,120,23.4,7,1,3301599.16
11,112392,1.5,354,11.2,9,5,3575310.79
8,60514,3.2,438,8.3,8,3,4828896.17
4,118428,3.8,468,21.7,4,4,5178351.56
7,117564,1.2,453,10.6,5,1,4508796.88
1,113047,1.3,415,24.9,5,4,4556189.8
5,210291,4.2,273,27.1,2,4,3594962.4
2,37634,4.2,94,28.8,7,3,3968620.62
11,5060,2.0,110,22.6,7,2,3301004.83
11,14269,3.5,138,18.6,9,2,3701368.99
13,199215,2.8,73,15.8,9,1,2664764.37
9,28065,3.5,309,18.8,4,3,3868978.61
4,7895,4.5,430,12.2,5,4,5224727.35
11,85859,1.3,100,15.7,7,5,2748306.98
7,148424,4.1,456,23.8,7,5,4676407.2
9,246251,3.0,186,12.8,8,1,3395625.08
13,185809,3.3,264,13.8,8,1,3558515.38
0,109127,3.6,159,24.5,2,1,4023652.59
4,101426,4.7,247,11.9,9,3,4674338.35
2,168088,1.2,214,13.4,4,5,3243484.52
3,197376,1.1,271,8.4,1,3,2892780.66
1,16962,1.7,391,23.8,1,3,4673509.77
8,38302,4.9,413,21.6,5,4,5009005.22
2,90382,3.9,272,23.3,7,3,4796457.6
14,9011,3.5,93,12.7,5,3,2756070.17
1,134716,1.2,424,23.1,3,4,4094309.84
9,24782,4.5,485,21.1,7,2,5599081.01
10,203763,4.3,174,16.1,1,4,2654496.99
8,125654,3.7,344,17.6,1,1,3936903.33
6,175797,2.4,391,20.5,2,2,4097064.48
5,14196,1.3,129,18.9,1,5,3175857.31
0,48459,3.3,440,22.1,9,3,5756243.72
4,92245,3.9,84,12.0,4,2,3322948.95
11,83863,1.4,154,19.9,7,5,2931914.54
10,128206,3.5,488,17.9,5,4,4531486.78
13,106010,2.1,266,18.1,7,4,3401703.16
14,37769,4.1,304,18.3,7,1,4097794.2
10,112529,3.2,480,27.4,1,1,4001431.56
2,29700,1.5,413,26.0,1,2,4442515.82
0,216428,3.1,332,21.9,3,3,4123266.98
3,212499,2.6,75,23.8,2,4,2716057.97
12,236237,1.7,450,8.9,7,2,3956793.87
1,10269,4.4,358,24.4,3,2,5299260.0
1,126631,1.0,127,18.7,7,2,3459362.0
2,48880,2.2,214,15.0,9,1,4515922.73
7,119003,1.1,435,11.1,1,4,3207810.11
7,144392,1.4,111,9.7,3,1,2812238.62
11,54589,2.2,419,9.0,6,1,4178778.92
14,212348,1.2,269,11.6,9,2,3067033.21
6,40897,3.4,493,8.7,5,5,4826281.54
5,194637,1.3,243,24.1,3,5,3257523.7
8,167002,3.8,454,13.5,8,5,4509192.56
3,193305,1.2,404,16.1,5,2,4237018.06
11,218893,1.2,164,26.1,6,3,2751521.26
0,19380,2.2,286,10.5,2,4,4097746.78
7,212968,4.6,180,26.4,4,2,3538882.93
6,75934,3.6,422,22.1,1,2,4413291.21
6,60830,4.1,249,15.5,4,1,4139137.04
14,10529,1.6,232,10.6,1,5,2596072.57
2,99598,4.3,188,10.0,4,2,4040028.06
3,238294,1.0,394,15.4,2,3,3391948.92
9,87987,1.9,458,11.1,6,4,4257351.39
8,54178,3.5,297,13.9,6,3,4391398.74
14,143009,2.5,214,9.2,8,2,3068986.56
5,126952,4.9,377,21.1,9,2,5231391.76
14,44886,1.1,211,11.2,8,1,2906849.48
14,54699,5.0,191,24.6,1,3,3061792.62
4,81396,3.5,354,12.8,3,1,4403861.29
2,95678,3.2,461,25.6,6,3,5225672.29
8,30279,1.2,295,12.2,1,5,3224364.57
4,174178,2.1,429,23.9,8,5,4898585.15
4,115776,4.7,326,15.3,6,3,4524734.4
13,106444,2.4,354,20.8,1,1,3473329.94
3,111300,3.6,489,8.9,2,5,4466142.84
13,118793,5.0,234,18.9,6,2,3883654.86
3,121278,2.1,290,11.3,8,4,3941111.96
11,215809,3.3,138,18.7,5,1,2794222.22
0,176616,3.8,378,11.1,1,3,4107431.7
6,108247,1.7,293,17.6,2,4,3560814.2
8,247262,1.6,193,10.4,4,4,2553112.06
2,13997,2.8,413,12.8,4,2,4948533.31
11,111102,2.5,408,21.1,7,1,4336106.14
12,90711,3.9,81,29.5,2,4,2977756.78
14,121045,1.3,121,17.9,7,1,2690125.74
1,45860,4.9,198,23.1,7,2,5117717.61
2,8225,1.1,204,19.9,7,3,4288241.77
0,115114,3.4,214,19.0,3,4,3716282.17
5,195542,3.3,196,9.4,6,4,3478154.26
10,118218,1.5,295,11.2,6,4,3553518.71
10,105764,1.6,496,27.4,4,1,4404547.68
6,112041,4.2,140,17.0,1,4,3226595.46
10,117224,4.6,342,21.5,9,1,4495142.34
10,68656,2.1,256,19.6,2,5,3020629.72
1,187952,2.8,72,16.3,9,5,3374898.78
7,197150,2.4,354,16.5,8,1,3970880.61
13,224718,1.3,91,20.2,1,5,1615125.1
5,81290,3.7,235,11.1,7,2,4286187.23
13,61633,4.3,379,16.5,3,2,3955213.99
3,31655,2.2,432,17.8,9,5,4894957.02
4,126118,5.0,315,29.7,5,3,4480315.89
7,179673,1.3,303,15.7,3,1,3544342.74
13,8114,3.6,394,22.2,8,5,4281348.58
2,31502,2.8,227,11.0,3,1,4096863.27
2,54768,2.8,220,9.4,7,5,4246578.62
13,53128,2.8,282,27.2,7,2,3833920.33
14,156100,2.0,445,24.1,7,3,3876605.69
13,191637,3.9,287,15.0,1,1,3146440.43
10,88123,3.9,315,19.1,5,3,4090231.62
3,113255,2.1,372,11.0,1,2,3876472.43
0,171405,4.3,474,23.6,7,4,5355227.86
8,8174,2.3,345,9.5,8,4,4345605.94
7,122769,3.9,220,24.7,7,1,4103583.01
7,40398,1.5,265,20.0,1,2,3433243.66
13,172001,1.7,474,14.1,3,1,3988856.59
9,140393,2.3,90,27.0,3,1,2989835.48
5,128549,3.4,326,29.7,7,1,4859649.09
6,232043,3.6,468,13.6,4,3,4236713.26
5,247580,2.6,86,25.7,3,5,2316945.61
8,191493,1.3,120,24.5,6,2,3238434.26
2,77635,2.5,339,24.4,6,3,4566577.53
13,28760,3.8,384,29.1,5,5,4356611.2
2,147432,3.7,152,18.7,6,1,4069761.06
2,146385,1.6,375,22.8,3,4,3993775.17
9,135674,1.0,193,26.1,5,3,3211699.22
2,247878,4.0,359,18.5,9,2,4741217.68
8,222070,1.4,331,18.6,4,2,3329261.06
11,141873,1.3,434,15.0,2,5,3292246.91
3,19130,1.0,118,25.2,5,3,3383121.09
12,150343,2.7,75,23.1,3,1,2272048.39
6,152147,3.0,186,17.9,3,5,3568124.98
13,238527,3.6,187,17.2,4,2,2987020.01
14,112215,2.2,332,9.6,4,3,3246796.0
8,155056,3.8,422,8.1,5,4,4412334.62
10,93095,1.7,443,19.6,7,1,4677095.78
11,65942,4.3,198,17.2,4,2,3685655.07
6,148933,3.3,466,25.5,7,3,4871951.36
8,103970,3.3,240,19.9,9,4,4211711.43
11,87203,1.8,96,28.6,3,2,2891682.83
2,207448,1.3,268,12.3,5,4,3556831.08
14,197319,2.9,441,29.8,4,2,3850460.19
3,205173,3.5,456,14.6,9,5,4914322.21
13,244802,1.4,383,22.1,5,5,3162105.15
7,157049,4.8,414,19.0,2,5,4166745.33
5,186689,4.9,166,15.9,1,3,3339928.98
4,193545,3.2,86,11.1,7,5,3243782.31
12,222726,4.8,242,11.0,1,3,3127656.17
3,93177,1.7,170,23.7,8,1,4086885.58
7,77902,1.1,255,16.3,9,5,3723888.9
0,97172,1.2,253,29.1,7,3,4451190.96
13,151702,3.4,284,15.2,9,2,3670081.64
8,25056,1.2,320,29.6,6,3,4108267.01
0,143454,4.8,285,12.5,7,3,4902412.89
7,60739,1.6,98,10.3,3,2,3093048.08
3,86685,2.2,171,14.9,9,3,4134431.28
8,53639,4.3,192,27.5,3,2,3871344.04
13,195910,1.9,123,19.5,6,4,2100319.53
10,182113,2.0,352,11.0,4,5,3364257.33
4,5992,3.6,171,12.5,9,1,4550075.61
2,77394,2.1,186,14.8,1,3,3464687.36
8,72657,1.9,173,21.0,9,2,3545921.13
10,32160,2.0,114,15.3,4,5,2759429.01
13,50156,3.0,183,24.4,5,3,3627327.09
13,187447,4.9,412,21.6,1,5,3518077.83
8,91442,4.3,100,27.2,1,4,3184430.37
3,155644,2.1,233,19.0,6,3,3679635.71
10,122925,2.5,258,15.3,1,2,3188847.03
3,9136,2.9,362,29.9,2,4,4591247.51
11,66868,4.9,264,15.8,3,3,3975370.57
7,87263,1.7,361,17.4,7,5,4095399.71
1,37167,2.4,444,25.8,2,4,5002704.28
8,115957,3.9,330,9.9,5,2,4409317.67
12,20479,4.9,499,16.5,9,3,5501976.5
13,124392,1.6,276,9.9,8,5,3263809.63
5,167448,1.9,121,11.1,8,5,3233752.34
8,140895,1.9,118,8.1,2,4,2477211.16
7,206528,1.1,75,8.2,1,3,1830217.07
14,24585,3.4,448,16.4,9,5,4479362.55
14,239847,3.7,463,25.8,4,4,3928980.53
6,153344,3.4,443,20.9,9,1,4973672.46
12,31619,1.3,293,22.0,7,5,3522792.95
13,80069,1.3,92,19.4,6,4,2514202.09
0,44895,1.8,214,26.0,9,1,4426398.33
13,8720,2.2,179,27.4,4,4,3108757.16
11,24267,4.1,281,26.7,1,5,3599361.62
2,151768,1.6,369,25.9,5,1,4816490.48
10,166040,1.2,110,12.0,6,4,2550546.75
13,58364,2.6,468,21.1,6,3,4368204.62
1,159417,2.7,241,20.8,1,1,3628718.08
4,56567,2.8,255,19.6,7,4,3892607.63
14,96229,4.3,283,18.6,8,3,3736614.04
4,197679,1.4,375,10.0,5,1,3669945.73
4,155457,3.8,121,10.2,2,4,2868125.65
3,219730,2.4,139,27.9,2,5,2915757.35
4,202972,2.2,265,21.9,5,1,3757407.63
2,204316,4.7,220,13.8,7,1,4116107.81
11,201497,2.0,497,14.1,7,3,4127373.53
0,83518,3.6,178,21.4,4,4,3835473.93
4,87844,2.1,187,17.0,3,5,3374094.75
12,168991,3.0,434,17.7,9,3,4439122.4
8,95697,4.1,164,9.3,7,1,3830341.74
12,62196,4.5,325,11.1,2,3,3913999.22
8,120600,4.4,113,16.7,1,3,2755096.86
3,105625,3.3,136,23.4,2,3,3468092.58
2,215473,2.0,225,9.1,3,1,3177163.62
0,136567,3.6,392,15.4,5,2,4694525.5
1,49755,3.8,275,23.3,3,3,4292043.69
7,203756,1.0,343,25.4,9,2,4393498.48
0,38324,2.8,224,12.2,4,5,4164725.32
7,83929,4.4,248,24.1,7,5,4477090.7
12,137624,3.0,129,29.0,4,5,2851042.22
6,56272,2.2,143,27.9,3,4,3203502.27
14,171925,4.5,118,25.4,1,1,2798004.92
7,168996,1.6,340,23.7,9,2,4547916.98
11,79462,1.8,142,13.2,1,4,2510314.44
5,232459,3.7,265,21.9,1,2,3460239.48
11,159961,2.4,468,22.2,1,1,3957855.9
13,241538,3.9,248,17.0,5,3,3251698.53
14,59675,1.6,117,18.8,7,4,2766566.99
14,78591,2.0,141,23.3,7,1,3110215.15
8,206262,1.6,182,28.9,1,4,2519071.55
2,158706,4.8,314,14.5,6,5,4514590.03
9,37363,2.6,454,13.4,9,4,4622544.98
3,199824,2.3,460,21.2,6,3,4564820.47
12,82004,1.1,378,10.9,4,3,3448216.1
5,192470,1.6,228,20.8,9,2,3615591.86
7,234530,2.7,343,10.0,3,4,3341027.17
4,45718,1.3,337,18.8,4,5,4149865.23
2,118627,3.0,373,21.6,4,3,4757696.88
5,218988,2.8,99,9.5,4,2,2740033.94
3,31870,4.1,166,12.6,6,5,3957137.18
8,42394,3.6,320,15.4,7,5,4262684.81
12,57057,2.8,76,16.1,9,5,3142187.13
2,84795,1.9,161,22.9,3,1,3551538.3
3,85409,3.9,182,19.6,8,3,4203978.08
6,18016,3.8,328,16.4,8,1,4968606.95
6,47137,1.6,176,17.9,1,1,3306909.08
11,136225,4.7,132,8.3,5,3,3119956.29
11,143925,1.3,459,25.0,5,4,3971815.88
3,17379,1.2,427,8.9,8,2,4822696.56
5,151864,1.7,340,26.2,8,3,4296459.61
11,126169,4.6,268,19.9,2,2,3252496.88
12,174439,3.1,496,19.6,3,4,4235149.92
2,154172,4.2,416,23.5,2,3,4694152.0
5,131082,1.9,406,26.9,1,5,4231849.92
11,118089,3.0,215,28.7,2,3,3399527.27
1,199528,2.4,475,20.0,6,4,4641151.2
7,16049,4.3,130,11.3,1,1,3400737.99
1,136858,1.1,189,27.3,6,3,3577593.19
10,205976,2.0,130,8.9,1,5,1885135.53
6,166771,1.6,378,25.8,2,3,3532110.92
8,127784,4.4,95,23.0,8,1,3595105.56
0,52691,2.9,184,27.9,6,3,4223161.75
7,173112,2.6,109,27.7,9,5,3452393.43
6,229062,2.8,413,9.2,1,4,3293730.32
5,62986,4.9,185,21.4,5,5,4387923.1
5,174834,4.4,205,10.7,7,4,3739734.06
5,159672,3.8,346,9.7,9,5,4596552.18
8,99774,2.2,368,17.9,9,2,4322551.56
1,226849,1.7,90,10.1,4,3,2863675.65
0,155882,4.7,456,24.0,4,3,5022087.28
12,221775,2.7,100,29.3,4,1,2399067.72
11,223419,2.1,316,20.5,3,2,3323417.0
5,110315,2.9,480,13.2,8,1,5100766.2
9,62204,4.7,96,26.6,5,3,3552654.75
10,25085,2.5,142,26.8,7,1,3564252.82
7,182926,3.3,166,24.1,6,4,3250036.97
2,210869,4.2,230,21.5,9,2,4176491.27
11,220341,2.7,415,27.1,3,5,3512981.04
9,175851,1.9,369,11.6,6,4,3672880.75
0,192279,5.0,368,28.5,3,5,4704547.66
8,230687,4.8,356,28.8,2,1,4101403.33
12,38980,4.4,442,27.2,3,3,4293105.71
12,61117,3.8,281,13.5,2,4,3456657.64
0,150213,2.2,145,26.9,2,2,3441035.87
2,145416,4.7,470,18.9,7,5,5145353.38
7,241080,2.1,212,21.1,3,4,2673991.4
13,20896,4.2,103,26.5,8,3,3732404.01
2,94353,4.7,405,8.7,2,2,4414526.63
12,34813,3.4,73,16.0,7,2,3024553.16
3,220503,4.2,397,25.9,3,5,4353060.78
7,70679,4.2,167,25.9,9,4,4103348.31
0,146753,1.8,435,26.7,7,4,4970970.43
12,208975,3.7,286,11.7,9,2,3723030.21
12,8228,1.4,97,23.5,2,1,2645932.53
5,140654,3.0,270,11.2,6,2,3682118.32
0,214755,1.6,455,25.3,5,3,4726207.3
13,16397,2.7,342,13.4,2,4,3509873.47
0,174871,4.3,383,24.2,4,5,4507086.19
13,42011,4.9,196,18.0,4,4,3205067.12
7,84183,2.3,271,29.7,8,2,4350831.16
10,98254,3.1,78,20.8,7,3,3041937.28
3,180336,3.0,356,21.9,5,1,4259648.17
11,47317,4.8,157,16.1,9,4,4068259.67
0,183986,2.9,387,24.2,1,2,4069797.3
9,220705,3.8,88,18.9,4,2,2729916.86
6,107489,4.7,150,8.4,5,2,3768240.02
4,181326,2.5,176,21.4,8,3,3764313.33
4,45096,4.6,380,26.3,3,2,4781692.77
0,58785,4.7,481,13.2,5,2,5819244.84
13,57344,4.7,299,12.9,3,2,4016449.42
9,218715,2.1,181,21.4,7,4,3180517.67
10,125382,2.6,289,26.0,3,2,3457853.6
5,204618,4.5,192,13.5,7,3,3732849.07
13,207163,2.4,313,28.5,2,4,3208721.1
8,201675,3.4,247,28.4,7,2,3937592.27
8,164484,1.5,134,12.4,9,1,3092817.61
7,115489,1.2,449,13.8,5,3,4120621.52
4,187730,2.6,72,23.4,6,1,3015095.27
0,235913,3.3,276,28.9,3,3,4186141.81
8,185621,2.6,463,23.6,5,1,4431848.17
0,16549,3.3,90,17.8,5,2,4262801.96
7,207288,3.1,362,11.7,3,1,3505739.98
4,30739,3.7,84,18.1,8,1,3915557.15
2,26209,3.6,412,21.3,6,3,5248951.92
10,112051,2.7,275,15.3,3,2,3768549.67
6,224040,2.7,271,19.2,1,3,3187531.66
6,20116,1.6,189,10.9,1,2,3083182.14
8,25045,3.1,206,17.9,2,5,3398031.33
6,162399,3.3,369,10.0,5,4,3921429.5
12,40709,2.9,364,9.1,7,4,4184320.59
10,48617,2.3,458,26.9,1,3,4342850.67
13,196211,3.9,94,12.5,1,2,2478404.56
2,162977,1.3,381,20.7,4,1,3993246.07
10,200220,4.7,303,11.3,6,4,3456080.1
12,208675,1.1,190,13.8,9,3,2794037.3
14,234167,4.8,159,15.9,1,3,2588371.75
13,124779,2.8,389,11.2,5,3,3867358.27
12,47919,2.7,269,9.0,9,2,3939253.44
0,88521,2.0,249,27.3,8,3,4662043.22
7,228977,1.0,414,8.3,7,5,3840816.9
11,219472,2.1,437,9.3,2,1,3338919.41
2,224222,1.4,145,25.7,9,3,3754899.4
11,194518,3.6,206,14.2,8,2,3656082.08
7,188500,2.3,207,23.9,9,1,3712205.71
7,183966,4.1,79,11.2,9,1,3287729.34
12,217221,1.8,270,13.2,9,4,3294013.41
4,11447,4.6,387,20.6,3,3,5259258.17
12,10499,3.1,415,29.7,7,3,4615333.74
11,44041,1.5,288,9.6,1,2,3421925.49
12,36315,2.6,129,16.8,9,5,3152983.69
0,137371,1.8,216,8.9,9,5,3886393.26
12,125506,1.8,176,12.4,3,4,2358063.43
9,241077,3.0,107,28.0,5,5,2749381.53
6,141066,3.7,203,10.1,8,2,3906650.29
11,231486,4.6,468,26.9,6,4,4446492.66
9,217235,3.0,290,11.9,9,3,3632642.51
4,143561,4.9,372,27.0,3,5,4470227.33
7,96647,4.8,498,19.8,7,2,5373087.37
8,37355,4.5,202,27.3,6,2,4236278.11
10,78805,3.0,403,11.3,5,3,4148681.88
13,73367,1.6,122,24.8,4,2,2533421.02
6,114906,1.9,131,23.0,5,4,2833651.77
13,122409,3.6,92,19.9,4,4,2709318.81
12,82355,2.7,113,25.8,3,1,3004874.21
14,121220,1.6,377,22.3,7,3,3771991.26
6,226421,2.9,115,27.3,6,2,3291400.95
0,92173,1.1,216,16.4,4,5,3523574.0
14,6996,3.9,285,21.0,9,4,4173257.23
3,49387,1.3,409,27.2,1,3,4258122.24
1,8089,3.5,116,12.7,1,3,3328714.88
1,103827,4.2,416,18.7,9,4,5475233.46
1,25659,1.5,377,29.1,7,1,5255324.25
3,50178,3.1,93,18.4,2,3,3485244.22
13,100965,4.1,214,13.6,5,2,3368487.16
0,86268,2.0,158,15.7,4,5,3421066.63
14,90042,1.7,243,27.5,1,5,2659797.77
3,111471,2.3,133,29.0,9,4,3829261.76
1,206798,3.2,188,28.9,6,3,3630586.18
4,75111,3.3,292,23.4,6,5,4392238.33
2,242103,1.5,225,19.2,4,3,3398240.38
14,249754,2.8,247,12.0,2,4,2415230.61
11,170637,2.1,389,10.7,8,1,3975971.25
7,105435,4.4,481,9.3,8,5,4875106.89
3,94242,2.3,411,8.4,3,2,4455577.9
0,118204,4.4,125,27.3,7,4,4223737.28
0,158956,2.7,128,25.8,7,1,3795321.88
11,22199,3.9,458,20.5,5,2,5033379.12
9,65038,3.0,497,30.0,5,2,5079887.13
2,62786,3.5,495,29.0,8,5,5884879.14
14,114636,2.6,450,22.4,4,3,4134513.57
8,241042,4.1,289,18.2,1,4,3140422.68
6,54294,2.7,254,11.3,1,2,3515854.53
1,214087,2.8,116,19.3,9,5,3706970.71
14,170250,3.1,446,11.5,4,1,3647459.07
12,148737,4.3,478,16.8,1,2,4370172.96
8,5534,3.6,171,28.7,2,1,3855018.83
9,96828,2.4,113,15.5,7,4,3210209.75
1,41132,3.7,84,11.4,2,5,3408051.72
2,120720,3.6,305,20.8,1,1,4215848.25
10,41110,4.7,430,21.3,9,3,5148616.9
12,194826,4.4,120,12.3,5,1,2900046.43
9,68580,3.6,378,12.3,4,1,3908148.95
13,158541,2.4,103,29.8,4,5,2549790.97
1,69016,4.1,193,13.4,1,5,4050761.99
2,51233,3.3,146,26.4,3,2,3805922.42
5,238876,4.9,461,18.3,1,1,4243654.17
8,134863,2.0,192,17.6,5,1,3552726.09
8,202780,1.3,274,14.5,5,5,3085798.53
6,194304,1.3,297,25.0,9,3,4059787.36
11,229522,3.6,139,27.4,8,5,3151929.02
2,222509,4.8,299,13.7,5,3,4088872.31
3,111311,1.0,90,10.1,5,5,2933895.4
5,39409,3.9,177,11.0,7,4,3922824.82
10,155396,3.6,433,25.4,2,1,4090915.91
4,144810,3.9,310,17.6,7,3,4537334.91
1,239102,2.4,320,10.9,1,4,3464110.21
12,246165,4.3,204,15.5,5,3,3075975.25
5,29054,1.2,159,19.3,6,2,3680957.71
2,34709,4.0,148,26.7,1,2,4062917.8
13,114321,2.1,246,22.1,9,1,3885043.93
7,221715,2.9,367,11.9,9,4,4115085.72
1,5363,4.3,476,11.5,1,4,5331100.77
0,15358,2.1,377,17.1,4,2,5006179.64
8,237685,1.7,171,9.7,8,1,3133411.51
13,139312,3.7,430,24.6,2,2,3900850.48
11,208273,3.1,404,16.8,8,4,4158136.63
2,50689,3.1,181,15.5,9,3,4416569.25
10,6936,2.0,250,19.2,9,4,3795843.55
0,117272,1.1,173,23.6,1,1,3244545.18
6,96074,2.6,85,20.5,9,4,3295032.16
12,180037,1.4,165,25.7,4,5,2298415.04
14,213606,4.6,362,21.8,8,4,3797835.76
9,5882,1.2,215,25.3,9,5,3943332.34
4,156296,2.7,473,23.3,3,2,4640936.12
4,110227,1.2,371,12.2,6,5,4144742.15
13,130865,1.4,71,9.2,3,4,1733405.82
0,248084,3.6,188,27.9,1,4,3192970.82
14,128745,3.6,412,28.8,6,4,4032288.55
14,166897,1.1,163,24.0,5,1,2723246.75
8,206812,1.0,260,23.9,3,2,3160281.09
6,33885,1.3,72,13.9,4,5,2734780.52
7,176128,4.1,499,19.9,2,3,4562480.42
8,139275,3.3,180,29.8,4,5,3267185.6
5,196313,1.2,246,26.8,4,4,3174215.23
11,138316,3.0,326,14.7,3,3,3529200.04
4,103322,3.8,430,14.6,6,3,4992467.3
5,73619,4.5,91,18.6,1,5,3440719.01
10,26584,4.7,467,16.9,9,5,5047984.89
1,13521,2.3,289,16.2,3,5,4003944.37
3,186089,1.5,242,21.8,3,5,3192433.52
2,38541,1.9,293,8.3,3,2,4124856.68
12,34063,4.1,459,24.8,7,1,5374976.5
6,75268,4.9,134,24.3,8,1,4317943.92
8,131218,2.9,346,26.3,2,5,3597529.55
4,123206,2.2,318,26.5,1,1,3775021.7
5,201024,2.7,329,20.5,5,5,3719060.04
9,229126,2.2,200,25.2,8,5,3211029.08
13,175635,2.0,182,18.8,3,5,2509983.3
11,175824,3.4,355,28.9,6,2,4120814.83
11,231305,1.1,356,12.2,3,4,2763108.28
1,138639,2.0,487,28.1,6,1,5027392.6
2,152193,3.6,280,13.7,4,1,4275293.91
2,137746,1.1,89,10.3,7,2,3082659.53
11,81411,1.3,284,17.7,1,2,3021084.6
11,114876,2.2,379,21.5,1,5,3257770.47
14,202347,4.5,320,13.1,5,5,3116338.96
8,203153,4.1,451,20.2,9,4,4992280.7
14,165212,1.1,478,25.8,5,1,3812571.77
6,145399,3.0,340,13.7,4,2,3694647.36
7,206735,2.1,491,20.8,8,4,4548234.9
10,28331,3.6,476,15.5,5,1,4867267.63
9,28004,3.9,249,19.7,1,4,3348572.97
10,243441,4.5,263,22.7,7,4,3833299.16
8,124243,2.9,382,15.7,4,5,4012118.94
5,146564,5.0,148,29.9,5,4,3987184.6
3,190869,4.9,249,20.4,6,5,4181563.96
11,194167,4.5,232,26.1,7,1,3651477.26
0,149821,3.3,271,24.0,2,1,4199201.47
7,68217,2.6,83,26.8,1,5,2725226.92
6,94044,2.5,416,11.8,3,3,4081349.91
1,14045,1.0,315,12.9,1,4,4116823.19
7,25116,2.0,83,18.7,4,1,3058461.22
11,23667,3.9,168,26.8,6,4,3665526.76
4,80057,3.4,102,12.3,5,3,3459990.38
6,79205,4.7,326,29.4,4,4,4612464.88
3,32302,1.2,103,10.8,7,3,3686937.6
4,147355,1.6,88,11.9,6,2,2991907.77
7,167007,4.2,221,11.7,3,3,3458116.3
0,77534,2.4,329,20.9,9,1,4898254.21
0,230414,1.5,233,28.2,5,5,3670084.8
14,167696,5.0,146,13.6,1,5,2785230.61
3,18440,4.1,383,20.2,6,4,5043570.22
2,116001,2.6,485,11.9,5,2,5048951.14
12,51501,4.3,206,21.9,8,4,3700436.37
9,223405,3.7,428,10.7,4,3,3866532.43
11,137341,4.2,277,18.8,1,5,3209734.85
1,12868,4.3,311,22.4,2,3,4798208.08
11,166323,1.3,136,20.7,8,5,2718589.08
2,82909,3.5,185,11.1,8,5,4237157.89
10,89523,1.0,473,11.6,5,5,3850380.53
14,174801,1.2,271,22.8,6,1,3227224.35
14,20734,4.6,445,25.8,2,3,4477012.82
10,178501,3.1,319,28.0,9,4,3926685.34
13,177409,3.9,347,25.9,6,2,3622007.38
10,176397,4.4,181,29.4,9,4,3819807.95
0,88600,4.8,400,17.0,3,3,4940512.39
0,198586,4.5,303,15.3,6,2,4617039.88
5,13433,2.9,245,8.6,5,4,3761619.68
4,145183,2.3,461,17.9,9,2,5080980.88
7,108986,1.6,212,22.3,1,3,3298813.47
1,68753,2.6,101,25.9,9,5,3958332.48
3,118783,2.5,250,13.9,5,3,3562740.97
7,216655,3.2,136,19.3,1,1,2791178.76
11,209692,3.7,73,22.6,8,2,2891046.6
5,26751,4.9,355,20.1,7,3,4981131.43
0,152525,3.9,338,14.0,6,5,4514985.38
14,221916,3.6,305,25.5,2,5,3134247.63
3,175040,2.3,346,11.8,5,3,3923346.2
0,166149,1.1,110,27.9,3,4,3192666.82
12,244654,2.2,190,29.0,2,3,2484698.34
1,170847,4.1,344,16.0,1,5,4047878.59
4,194216,1.8,300,16.3,9,3,4199624.8
13,53570,3.8,373,24.4,2,1,4049342.13
7,182169,3.3,155,18.0,1,4,2912408.45
7,29503,1.7,132,8.6,7,3,3300386.43
10,138851,2.0,473,28.2,9,5,4652388.79
2,91840,3.0,261,17.5,6,3,4251152.68
10,136827,2.7,362,12.5,8,3,4076694.55
12,44263,4.1,100,20.2,7,2,3516789.9
3,113491,3.9,399,12.8,9,3,5170882.91
9,60087,3.3,215,12.5,7,1,3973211.06
10,178353,4.3,176,20.0,6,5,3156295.76
13,56482,3.3,428,16.6,1,2,4218576.35
5,190929,4.9,179,20.6,9,3,4118139.02
10,127989,1.9,345,29.9,5,4,3933851.47
10,153472,3.9,279,26.9,2,1,3322590.82
9,45115,2.5,208,8.2,8,1,3920163.94
2,19249,2.1,155,9.1,4,1,3851549.37
1,249255,1.7,113,21.4,3,2,2946328.92
5,182897,3.2,151,21.8,1,3,2679822.61
10,115361,1.9,133,27.3,5,1,3019088.91
12,29600,1.8,447,21.8,3,3,3946638.57
14,42706,5.0,487,13.0,4,4,4729310.7
4,24222,4.2,412,18.3,9,3,5275327.58
13,104041,4.0,390,25.8,7,3,4478000.64
9,109504,4.2,124,28.3,5,3,3444544.51
4,46139,4.9,143,13.2,8,5,4316025.68
9,119919,3.3,442,19.9,6,2,4625079.02
12,46302,1.9,198,11.5,2,3,2730768.77
4,230756,4.4,325,18.9,7,1,4357065.71
9,92838,4.0,491,10.0,1,5,4149231.87
11,204231,2.7,300,28.7,3,3,2860007.67
4,144718,2.9,206,22.0,1,5,3517424.45
2,149615,2.6,420,26.8,1,2,4628238.88
6,230568,4.7,470,30.0,5,5,4724499.3
5,158857,2.4,424,12.0,6,1,4602371.75
3,83353,4.9,181,23.3,3,3,4080002.98
1,167478,4.6,377,27.5,3,1,4951513.16
11,93992,3.5,215,20.7,3,4,3426559.56
8,56428,3.3,102,22.1,1,5,2858448.44
0,28777,2.5,329,17.0,5,5,4700763.36
12,62939,1.1,156,22.8,1,5,2155676.87
12,189098,1.5,400,16.7,3,2,3395391.96
10,91450,4.0,334,18.5,6,1,4336989.44
14,165625,2.9,389,10.3,6,4,3504601.25
13,28548,1.6,99,8.2,3,2,2430350.37
3,199293,2.1,461,9.2,9,2,4705831.6
0,173337,4.8,301,12.2,8,3,4937188.75
12,130549,2.5,458,18.0,3,4,3841618.6
5,176773,4.6,145,8.5,5,5,3728376.45
3,187359,2.2,198,11.4,5,5,3095995.54
4,142799,3.2,340,25.2,5,3,4458808.53
4,246532,1.1,158,24.8,3,5,2786632.45
8,186789,3.1,491,25.4,5,1,4614195.74
0,168499,3.5,239,28.3,5,5,3972975.38
12,152764,1.9,197,10.6,4,1,2722978.85
1,36625,3.3,243,11.6,4,3,4041966.62
12,29918,3.6,95,15.3,2,3,2704216.26
5,243003,3.7,130,28.1,9,1,3836563.39
4,177208,4.1,448,25.1,7,5,5313380.43
10,119826,2.2,136,15.1,1,3,2777356.96
6,119881,3.3,475,9.9,5,3,4541653.6
2,188481,4.9,95,21.6,2,1,3642406.46
2,20577,4.6,152,13.7,6,3,4245225.93
9,90155,4.8,433,19.7,7,5,4690527.4
1,116776,2.5,436,28.7,2,3,4691765.68
12,104246,4.1,129,20.6,6,1,3062038.63
2,238996,3.5,108,28.3,3,5,2847406.4
9,217803,1.3,192,16.6,9,4,3174551.17
0,163761,4.3,361,21.9,4,1,5059806.37
4,147226,3.7,346,27.7,3,4,3900320.1
13,240729,1.8,494,20.9,3,3,3789915.29
14,99948,1.3,443,21.5,2,5,3602448.77
11,26341,4.3,373,23.8,9,3,4851682.19
4,102554,1.3,351,27.4,8,5,4449586.59
11,210753,1.4,260,9.9,5,2,3140834.13
10,112798,2.7,361,15.4,9,3,4436501.48
6,51330,1.5,221,16.7,2,3,3404622.67
3,92759,4.7,453,28.0,6,3,5354662.72
2,204488,2.9,302,29.0,7,1,4420015.76
0,91807,3.3,474,10.6,6,5,5218475.18
11,38313,4.7,215,10.6,3,5,3531333.66
14,51900,3.1,340,28.6,9,5,4395586.64
7,83840,2.4,404,14.5,8,1,4467257.39
12,170767,4.2,203,13.3,8,5,3401942.88
2,166297,2.8,240,8.8,8,3,4105001.86
12,91072,2.3,484,14.1,9,4,4481954.18
14,101367,3.9,97,23.3,1,2,2982700.04
1,54156,4.2,205,17.4,8,5,4394835.72
10,213281,4.2,482,19.4,2,1,4246726.93
3,92453,4.9,474,28.2,4,1,5623282.55
2,163901,4.1,445,10.5,1,5,4463321.89
12,216980,4.1,310,9.6,6,4,3394254.72
0,30938,4.4,413,26.7,1,5,5004607.8
2,64164,1.0,297,25.0,5,1,4405315.39
11,190602,2.4,356,13.8,9,2,3980837.74
1,204271,4.0,372,15.1,1,4,4115502.23
7,65282,3.4,103,14.8,9,5,3291166.27
5,52801,1.7,71,22.3,4,2,3178255.28
8,145537,2.2,431,9.3,3,5,3975179.64
7,8326,2.3,264,18.8,8,4,4305438.73
9,139731,3.3,163,10.9,6,1,3223945.07
2,196361,4.3,397,26.0,7,4,4694111.2
4,163666,4.7,377,16.4,9,3,5102818.36
6,120819,4.0,204,19.6,5,5,3628577.79
4,9763,4.4,273,8.6,2,2,4463996.52
7,224729,2.9,319,9.3,3,2,3620163.57
11,146900,2.6,216,22.9,3,4,2972487.54
4,52588,2.6,415,24.9,4,4,4732490.37
0,16221,3.5,417,23.6,7,4,5560816.43
4,147283,1.5,323,24.2,6,2,3943122.99
3,18569,3.3,468,10.3,3,1,5320768.88
5,232966,3.7,403,23.3,7,2,4663455.02
2,42860,2.8,245,12.0,4,1,4218375.18
14,207630,4.8,194,10.2,8,4,3318082.91
10,50337,3.4,320,24.7,7,3,4407242.84
4,188383,1.9,467,27.6,7,2,4625694.23
1,149587,2.9,200,23.8,9,4,4109408.91
10,76695,3.7,119,25.7,8,2,3375563.15
5,247599,2.3,162,29.8,1,4,2776113.42
12,111749,1.3,449,11.0,7,2,4112627.04
14,223299,3.3,379,29.2,3,5,3339978.76
11,160976,4.8,459,21.2,4,2,4331722.87
5,196007,2.9,476,25.9,6,5,4542218.66
4,48790,4.6,289,22.3,5,1,4726805.24
5,73580,4.3,403,20.5,8,2,5352867.25
10,211220,1.6,403,23.5,2,1,3753613.26
6,10636,3.8,89,15.0,5,3,3172636.05
11,82129,2.7,274,28.3,5,5,3628289.75
4,138964,2.0,160,10.5,3,2,3019992.26
0,26672,3.7,424,15.0,5,1,5357881.54
7,10812,4.0,242,8.7,4,4,4042375.99
3,232693,1.7,258,14.0,5,1,3454994.72
8,5654,4.7,381,12.8,9,2,5277701.9
13,59633,4.0,71,9.1,7,3,3300305.89
9,22143,4.7,430,18.8,1,5,4374035.29
11,60934,2.3,498,18.3,3,4,4225145.44
5,72334,4.8,237,9.7,9,1,4604584.0
0,108463,2.5,437,13.8,4,2,5177659.64
2,130851,1.2,93,29.0,4,2,3155430.33
2,34087,4.1,482,10.4,6,5,5540234.23
9,147690,3.8,434,14.7,3,4,4092044.31
11,13446,3.4,137,8.8,3,1,3217202.4
11,223254,3.0,439,11.3,9,1,4399986.14
3,107127,1.1,263,23.4,5,1,3903712.53
5,53867,3.5,153,16.1,7,5,3949277.23
14,187100,2.7,276,17.9,5,5,2925678.86
6,65101,3.2,118,11.5,6,4,3244916.83
9,163272,2.7,101,23.0,8,1,3427688.12
3,231179,4.9,386,24.5,8,1,5141510.87
5,93074,3.4,239,12.0,2,4,3470861.23
10,242163,4.0,198,9.0,9,4,3463424.39
0,197537,4.7,171,9.8,6,4,3736732.72
13,245572,3.4,104,22.5,7,2,2792217.03
7,222508,1.0,376,11.0,3,4,2967570.33
6,123422,1.1,268,18.9,4,3,3384842.14
14,92892,3.8,370,11.4,6,5,3689991.96
10,224631,2.1,146,11.7,7,4,2464716.39
10,125044,3.3,438,8.1,6,2,4316044.78
8,44148,1.8,390,15.1,5,3,4237864.23
2,87928,2.1,83,10.0,2,2,3108435.02
1,156770,3.0,418,16.7,7,2,4932442.06
0,178542,4.9,200,21.2,5,2,4359003.34
2,228143,3.5,307,16.1,9,2,4296604.09
4,56660,4.7,349,23.5,4,1,4812480.79
13,189982,4.8,134,24.3,2,5,2661881.4
10,40450,1.8,207,23.3,7,1,3618734.03
1,192535,2.2,338,28.6,7,3,4480226.66
11,38757,4.1,297,13.2,1,1,3670227.77
2,83012,4.5,270,12.2,5,3,4430184.96
14,111750,3.1,211,21.4,3,4,2688083.05
14,132043,5.0,169,21.1,9,3,3389548.43
14,206319,1.0,207,19.2,9,1,2839488.71
3,208087,2.2,237,8.1,7,1,3502224.6
6,167462,3.5,476,20.2,9,3,4650957.43
12,61116,2.9,168,28.5,2,1,3290537.87
2,149233,1.5,380,15.4,8,3,4619000.6
14,37152,2.5,388,29.3,1,2,3951323.35
8,216243,1.1,396,15.8,3,5,3258616.88
7,111379,3.6,495,11.1,8,3,4985657.21
3,231905,4.6,424,16.8,8,2,4985176.66
12,25836,4.5,135,18.9,8,2,3717797.77
0,226439,3.8,404,21.8,7,2,4681293.89
0,202615,2.9,398,19.1,2,2,4530776.13
0,191720,3.0,116,19.8,3,3,3317992.14
0,162403,1.5,406,8.5,9,1,4777224.06
7,242064,2.4,451,13.6,2,2,3736304.22
2,146835,1.8,300,14.8,7,4,4144540.57
14,74444,4.3,377,29.7,1,2,3976457.1
5,98109,4.7,215,14.5,3,1,3915765.35
2,155259,3.1,276,27.7,1,1,3951378.29
10,148029,3.9,215,14.7,6,5,3388148.32
4,140451,1.5,221,10.1,4,5,2991245.34
12,164031,3.4,348,13.4,1,2,3555041.18
14,87018,3.8,209,14.0,5,2,3227882.62
13,128076,2.8,220,29.5,4,5,2972995.59
12,163177,2.0,90,22.8,2,2,2235780.82
14,136949,4.5,323,28.5,7,4,4165026.85
6,184425,4.0,133,26.4,8,3,3674448.89
1,88788,4.6,287,20.7,4,5,4684767.32
5,101870,4.3,141,22.9,9,5,3986439.61
12,220657,5.0,231,21.7,3,1,3144404.9
5,88308,1.8,199,22.7,6,2,3640332.48
10,187639,1.3,138,13.8,7,5,2457167.11
2,62913,2.3,484,17.0,7,5,5203548.14
5,7637,1.5,294,21.0,6,4,4119343.58
9,208850,3.1,315,8.8,9,2,3706371.6
9,47025,3.5,137,18.6,1,3,2878789.5
13,242989,3.3,472,26.9,9,4,4041796.87
4,237259,2.0,453,18.8,9,3,4990267.06
11,104508,4.6,176,20.2,4,1,3439071.15
1,87464,1.1,178,12.4,5,5,3480017.94
8,33742,2.4,397,25.5,3,4,4090264.32
7,16831,3.9,172,15.9,7,3,4222153.05
2,118768,4.1,210,29.0,2,2,3948078.71
7,90092,2.7,134,29.9,8,1,4150834.61
13,95879,1.1,203,28.2,9,1,3781154.07
8,93370,3.5,268,9.9,6,5,3583076.89
13,131537,1.3,437,15.3,9,5,4102744.89
14,182834,1.4,224,28.8,6,3,3193108.37
2,109824,3.6,148,25.7,3,3,3505626.91
2,235030,2.2,451,28.0,3,1,4261839.54
1,93741,2.4,319,20.6,2,3,3851858.25
7,23830,2.9,446,18.6,5,5,4532554.31
9,60044,4.9,156,10.3,4,1,3499535.53
0,78948,4.9,373,26.5,6,1,5464557.37
7,74202,2.7,310,24.4,5,2,4017892.57
6,42045,2.1,157,9.3,6,2,3623125.05
13,222394,2.2,393,12.6,4,3,3264389.04
6,207123,2.1,241,20.3,3,3,3258789.37
2,112509,3.1,426,23.1,1,5,4575411.23
0,162699,3.4,86,11.0,5,5,3322366.05
3,20198,3.0,292,13.4,6,2,4524824.63
8,74521,2.6,363,12.2,5,1,4086235.79
4,247511,1.8,463,12.8,5,4,4190094.21
0,111471,2.9,379,28.3,6,4,4968654.83
14,34475,2.4,288,23.7,4,3,3568891.55
4,241824,3.2,303,24.2,4,4,3674742.09
12,24403,3.7,459,25.5,8,4,4996324.57
7,8681,3.5,317,15.8,8,2,4601713.34
7,96555,2.8,459,24.9,3,1,4690336.34
4,123884,3.2,121,29.5,7,5,3641129.62
11,98122,2.1,84,23.4,5,2,2937967.11
8,120260,1.1,393,17.2,5,5,3557947.26
14,178364,3.5,181,23.8,3,2,2853043.63
0,239129,2.0,253,27.8,2,2,3737034.63
3,110386,3.7,429,10.8,3,4,4544027.54
2,238378,4.0,76,13.8,7,5,2992517.26
1,141701,4.7,120,28.2,3,2,3792216.45
14,98246,4.8,383,28.8,2,4,4183346.73
7,100864,1.0,310,18.7,4,3,3577291.91
6,213886,5.0,314,16.2,5,5,3864448.82
8,13417,3.7,434,14.2,7,2,5212884.59
1,123888,3.6,436,19.0,1,3,4877786.32
13,170837,1.1,479,28.6,8,4,3923675.49
13,79499,4.4,255,11.3,3,2,3407556.44
3,135908,1.6,356,17.2,6,4,4100620.44
13,192646,4.3,161,28.1,4,4,3051543.13
14,238900,1.1,175,15.7,5,4,2119744.71
5,226617,3.6,82,24.9,6,5,3078013.52
10,32675,2.7,215,16.6,2,3,3275069.46
2,237783,1.8,188,25.7,3,3,3528134.71
7,208339,1.4,272,29.6,8,1,3915010.25
2,176635,2.8,210,16.5,8,2,3977553.73
13,16332,1.5,184,26.6,1,4,2754326.2
11,24177,2.9,221,29.7,8,2,4179940.37
12,135560,3.5,126,29.6,2,3,2688047.33
12,225326,4.3,451,17.5,8,3,4405041.64
1,204519,3.7,226,18.7,5,4,3900834.52
12,62104,1.3,379,14.7,1,5,3104495.14
12,89335,2.2,202,14.9,8,4,2952308.28
2,119938,2.2,232,18.8,5,4,3555641.45
10,85730,4.7,344,12.4,1,1,3946382.44
5,141023,4.5,252,23.6,4,5,4094983.85
1,242474,2.5,146,19.8,1,2,2936196.01
7,33333,1.3,394,27.8,9,5,4776901.31
0,26673,4.6,113,25.8,2,4,3971980.32
6,119421,4.6,275,15.1,8,4,4198570.27
1,45870,4.4,107,19.1,4,4,3727137.51
9,132536,4.4,387,24.5,9,4,4610905.69
11,76101,2.9,91,12.3,2,4,2533307.56
5,27821,1.7,142,8.7,3,5,3034196.48
11,30494,2.9,310,26.8,2,4,3705292.62
1,104477,3.0,493,11.0,5,3,5032585.29
1,131083,3.0,223,27.6,1,3,3958507.13
9,210232,3.2,306,28.1,3,1,3952740.31
12,117698,2.0,450,18.1,1,2,3597732.48
7,116560,2.5,74,25.7,8,3,3303603.44
14,136907,2.7,290,16.0,4,1,3112074.7
14,23646,1.5,379,26.9,3,5,3606380.62
11,128777,2.8,155,26.1,8,2,3411932.75
1,82360,4.2,246,9.7,9,4,4670619.95
6,42335,4.3,328,20.8,8,4,4962740.47
2,74351,2.6,289,22.1,6,5,4150994.95
7,119934,3.1,107,8.0,3,2,2874315.08
6,138501,1.1,211,29.6,8,3,3648949.38
13,46950,3.7,467,16.9,5,2,4590467.55
7,65654,2.6,304,19.4,5,1,4388102.67
13,112422,2.8,272,12.3,9,5,3441660.38
6,114934,4.5,398,21.4,1,3,4459576.25
10,124975,2.8,363,25.8,7,2,4528904.66
5,204215,1.1,241,20.9,8,2,3485962.63
12,96186,1.9,194,25.3,3,3,2981028.96
6,109234,2.9,395,24.1,8,1,4896578.6
4,233961,2.7,134,13.2,1,1,2573684.36
6,107326,4.4,350,17.6,8,2,4900896.87
0,82527,3.2,341,11.3,7,4,4920325.77
0,91704,3.8,313,8.9,4,3,4374187.28
8,167171,2.9,84,9.4,7,1,2964040.89
13,175457,2.8,295,28.7,7,1,3486084.16
4,171991,2.8,200,29.7,1,1,3641325.75
12,101952,2.6,264,10.1,3,5,3129448.28
4,65782,3.2,362,15.4,7,4,4524286.42
2,76116,2.0,278,10.5,5,1,4024794.82
4,208662,4.6,450,26.4,9,4,5128350.9
2,94626,2.3,182,18.9,7,2,4205422.02
8,176459,1.6,313,21.7,3,2,3415298.42
8,151895,1.4,235,19.9,1,5,2787581.07
5,51015,1.1,260,23.6,5,4,3821741.64
14,107877,2.7,326,15.0,5,3,3687271.84
0,20339,1.8,396,11.0,7,5,4786015.61
6,139563,1.1,287,8.4,1,1,3142959.99
6,136778,3.1,428,17.8,2,2,4442821.11
13,102493,3.7,344,28.0,6,2,4339055.49
9,151800,1.3,121,14.7,8,3,2736457.52
9,143069,2.8,443,12.3,4,5,3669365.25
3,239609,4.0,227,28.4,3,4,3654092.74
7,196480,4.9,432,10.3,3,2,4432066.21
5,194169,3.7,124,9.1,3,1,3123254.61
3,134526,2.0,83,27.3,2,3,2896111.54
3,174595,3.9,338,23.4,1,3,4360804.71
1,126648,3.4,409,17.3,5,3,4667265.22
13,30163,1.8,159,24.6,5,1,3013943.25
1,153790,4.4,96,24.3,5,3,3952303.06
11,92508,2.7,158,8.9,4,4,2760931.1
13,219839,4.8,462,22.9,3,4,4270768.19
3,44619,3.9,110,22.1,3,5,3562209.42
4,17126,3.6,373,29.2,2,5,4568405.71
7,225203,3.9,337,29.3,5,4,4108386.01
14,69926,2.9,207,16.3,4,1,3332972.12
5,45633,3.0,75,21.0,6,5,3732184.02
13,213726,4.4,311,11.1,2,3,3280623.07
14,8317,3.7,231,9.5,2,4,3328210.7
3,49980,4.6,249,17.5,8,2,4739718.11
12,49115,4.6,366,23.2,6,1,4776487.73
10,197718,4.9,75,20.5,3,1,3000185.66
6,48158,3.8,455,17.5,5,4,4824813.91
7,192035,3.0,340,26.0,3,2,3667558.17
1,183703,1.7,470,25.5,2,1,4431951.65
11,185388,3.8,341,24.1,3,5,3475847.73
6,110364,2.2,225,9.7,1,2,3131249.08
14,195414,2.1,154,25.5,7,3,2872141.09
13,20504,2.0,269,28.2,6,5,3769523.15
1,204665,4.5,79,9.3,5,2,3673827.56
1,162732,4.5,207,16.8,6,4,4195771.52
7,42196,3.5,311,29.7,8,1,4644946.99
1,70938,2.9,463,21.2,3,5,4744052.32
14,144677,3.7,270,19.3,3,4,3117093.35
10,62388,3.4,225,11.9,5,2,3793942.91
8,217369,2.7,477,20.4,5,3,4351142.03
11,60501,2.5,344,17.7,1,1,3556137.99
0,189381,2.5,294,10.8,4,1,3852811.66
14,32043,3.4,137,18.2,9,5,3271722.76
8,38635,3.6,253,11.6,8,4,3952527.77
14,215387,2.8,264,24.1,3,2,2927393.22
0,85691,4.9,111,29.4,5,2,4406666.79
9,242586,1.3,465,18.3,5,4,3765127.95
12,38132,2.4,471,21.9,7,1,4688834.34
9,225459,2.7,220,17.5,8,4,3306349.25
1,20366,1.1,153,11.0,9,2,3837944.33
5,98944,2.5,203,29.4,7,4,3843301.36
5,208179,2.1,378,10.9,2,1,3745619.97
0,198652,3.0,423,10.5,8,5,5051011.36
6,120267,2.3,367,18.1,8,1,4734752.95
7,193961,3.9,99,22.5,2,3,2667334.62
1,215625,3.0,78,15.8,6,3,3358780.81
7,44236,1.5,239,12.2,1,4,3162598.81
8,9150,4.0,359,26.0,7,1,5059048.47
5,116369,1.4,237,16.0,2,1,3743723.12
4,24423,4.4,413,12.3,5,2,5032427.06
11,9137,4.7,214,16.0,7,5,4053775.88
8,34992,2.3,482,12.7,9,1,5232787.6
12,115540,4.7,297,19.4,1,4,3384147.05
11,230510,4.2,375,22.7,9,2,4011029.93
10,120140,4.7,145,25.6,5,2,3380177.74
8,180993,3.7,292,13.0,6,4,3764264.31
0,126225,1.9,246,11.7,8,4,4237265.76
10,215441,4.6,258,8.4,2,1,3340843.97
2,71917,1.7,371,13.0,7,1,4778600.62
8,78690,1.9,115,8.5,4,2,2923581.07
10,39235,2.1,451,15.6,9,2,4664314.69
1,215047,2.2,86,11.2,6,5,2928700.77
11,24122,3.1,135,20.8,7,2,3671844.99
3,28956,3.9,429,16.4,6,4,5237809.71
3,68879,4.7,330,10.1,8,4,5126770.52
1,63560,1.4,192,16.8,6,5,3663992.08
14,218872,4.8,300,12.6,7,3,3481821.51
2,115310,4.7,194,23.0,8,3,4415692.35
12,204757,1.2,181,16.0,1,4,1665808.91
2,160732,2.4,341,11.2,4,3,4113919.56
0,242268,4.3,150,15.7,6,3,3743330.17
5,222136,3.4,315,12.9,1,5,3302543.46
7,6168,4.1,416,25.5,4,2,4893708.3
11,50124,3.9,460,29.6,6,2,5068370.04
2,171969,3.0,461,8.6,7,3,4809692.12
4,151104,1.2,397,23.2,6,1,4630400.95
0,57797,3.3,284,13.8,4,5,4327240.99
9,40294,1.2,421,9.5,7,3,4304471.05
6,179899,3.4,304,8.3,2,1,3848608.77
9,8516,4.2,436,27.4,6,1,5185906.39
12,155823,3.3,151,15.8,5,5,2712472.84
0,35373,5.0,363,29.9,2,2,5468367.67
11,127026,2.8,379,17.7,9,4,3970552.98
10,35270,4.0,145,12.1,7,1,3706747.33
8,146458,3.7,84,25.1,3,4,2866495.98
7,237931,5.0,289,28.4,7,4,4041560.37
6,200889,3.9,299,25.9,6,5,4083090.42
9,70184,1.7,441,24.4,7,2,4519932.05
14,215765,4.8,334,15.4,4,5,3379507.82
6,42879,3.7,333,9.4,8,1,4610462.21
4,241128,1.2,179,12.4,8,2,3257436.65
4,54597,3.6,472,17.8,7,3,5621160.8
10,175204,4.5,376,29.0,7,2,4525530.15
12,8626,3.3,269,23.9,8,5,4081127.63
4,90936,2.4,295,26.2,1,5,3564112.65
0,238251,4.3,254,14.1,6,4,4213118.34
7,239873,4.1,100,23.0,2,3,2760435.64
11,86515,3.2,171,27.0,1,2,3164386.49
10,213137,1.6,328,18.5,7,3,3630464.41
0,60390,2.0,168,17.5,6,4,3886172.93
3,152717,4.0,408,23.8,5,3,4963990.72
14,228032,4.2,368,20.3,5,3,3801347.24
8,59144,2.1,354,29.8,9,2,4744546.48
13,149454,2.5,335,17.4,9,3,3852554.45
8,9025,1.3,209,11.9,6,4,3465606.09
4,179298,3.9,371,18.4,3,1,4438352.96
3,84380,1.0,355,13.2,7,1,4482352.39
2,123910,1.2,419,20.3,4,5,4030251.63
2,205783,1.0,285,10.8,5,1,3513896.43
11,101055,3.6,101,28.9,7,2,3565919.3
4,131189,2.7,372,26.9,7,5,4571155.38
9,210782,2.2,157,11.4,8,1,3060072.12
0,139515,4.7,132,11.8,1,1,3926739.59
4,26395,1.8,479,19.3,5,5,4942113.78
5,15725,2.6,456,25.0,9,2,5621799.23
6,38461,4.8,348,12.8,7,5,4709518.06
11,46115,2.7,143,9.3,2,2,2906976.87
8,115084,3.2,375,20.0,1,2,3928532.69
2,232959,1.3,489,23.2,8,4,4523850.57
